التاريخ,مفتاح الترتيب,الملف المصدر,نوع المستند,المسار,وسم آلي,وسم مراجعة
2/11/1443,0,صك حكم ابتدائي ضد الشيخ اسامة زيني في القضية رقم 42824717 في 01-01-1445 هـ.pdf,حكم / صك,أ. المجلد الرئيسي للقضية,[مخرج آلي / Script Output - سماوي],[مخرج آلي يحتاج مراجعة بشرية - وردي]
20/9/1431,0,صك حكم ابتدائي ضد الشيخ اسامة زيني في القضية رقم 42824717 في 01-01-1445 هـ.pdf,حكم / صك,أ. المجلد الرئيسي للقضية,[مخرج آلي / Script Output - سماوي],[مخرج آلي يحتاج مراجعة بشرية - وردي]
18/11/1393,0,صك حكم نهائي ضد الشيخ اسامة زيني ـ دعوى 42824717 - 13-03-1445 هـ.pdf,حكم / صك,أ. المجلد الرئيسي للقضية,[مخرج آلي / Script Output - سماوي],[مخرج آلي يحتاج مراجعة بشرية - وردي]
20/09/1431,0,صك حكم نهائي ضد الشيخ اسامة زيني ـ دعوى 42824717 - 13-03-1445 هـ.pdf,حكم / صك,أ. المجلد الرئيسي للقضية,[مخرج آلي / Script Output - سماوي],[مخرج آلي يحتاج مراجعة بشرية - وردي]
12/3/1433,0,صك حكم نهائي ضد الشيخ اسامة زيني ـ دعوى 42824717 - 13-03-1445 هـ.pdf,حكم / صك,أ. المجلد الرئيسي للقضية,[مخرج آلي / Script Output - سماوي],[مخرج آلي يحتاج مراجعة بشرية - وردي]
26/7/1434,0,صك حكم نهائي ضد الشيخ اسامة زيني ـ دعوى 42824717 - 13-03-1445 هـ.pdf,حكم / صك,أ. المجلد الرئيسي للقضية,[مخرج آلي / Script Output - سماوي],[مخرج آلي يحتاج مراجعة بشرية - وردي]
12/4/1438,0,صك حكم نهائي ضد الشيخ اسامة زيني ـ دعوى 42824717 - 13-03-1445 هـ.pdf,حكم / صك,أ. المجلد الرئيسي للقضية,[مخرج آلي / Script Output - سماوي],[مخرج آلي يحتاج مراجعة بشرية - وردي]
4/3/1432,0,صك حكم نهائي ضد الشيخ اسامة زيني ـ دعوى 42824717 - 13-03-1445 هـ.pdf,حكم / صك,أ. المجلد الرئيسي للقضية,[مخرج آلي / Script Output - سماوي],[مخرج آلي يحتاج مراجعة بشرية - وردي]
8/6/1433,0,صك حكم نهائي ضد الشيخ اسامة زيني ـ دعوى 42824717 - 13-03-1445 هـ.pdf,حكم / صك,أ. المجلد الرئيسي للقضية,[مخرج آلي / Script Output - سماوي],[مخرج آلي يحتاج مراجعة بشرية - وردي]
12/2/1432,0,صك حكم نهائي ضد الشيخ اسامة زيني ـ دعوى 42824717 - 13-03-1445 هـ.pdf,حكم / صك,أ. المجلد الرئيسي للقضية,[مخرج آلي / Script Output - سماوي],[مخرج آلي يحتاج مراجعة بشرية - وردي]
29/ 02/ 1445,0,صك حكم نهائي ضد الشيخ اسامة زيني ـ دعوى 42824717 - 13-03-1445 هـ.pdf,حكم / صك,أ. المجلد الرئيسي للقضية,[مخرج آلي / Script Output - سماوي],[مخرج آلي يحتاج مراجعة بشرية - وردي]
16/11/1444,0,صك حكم نهائي ضد الشيخ اسامة زيني ـ دعوى 42824717 - 13-03-1445 هـ.pdf,حكم / صك,أ. المجلد الرئيسي للقضية,[مخرج آلي / Script Output - سماوي],[مخرج آلي يحتاج مراجعة بشرية - وردي]
26/06/1444,0,صك حكم نهائي ضد الشيخ اسامة زيني ـ دعوى 42824717 - 13-03-1445 هـ.pdf,حكم / صك,أ. المجلد الرئيسي للقضية,[مخرج آلي / Script Output - سماوي],[مخرج آلي يحتاج مراجعة بشرية - وردي]
1/17/1460,0,صك حكم التخارج في شركات احمد زيني و اولاده ـ 02-12-1432 هـ.pdf,حكم / صك,أ. المجلد الرئيسي للقضية,[مخرج آلي / Script Output - سماوي],[مخرج آلي يحتاج مراجعة بشرية - وردي]
08/04/1445,0,"طلب تنفيذ مقدم من السيدة/ عاتقة ضد السيد/ أسامة فيما يتعلق بالمبلغ المحكوم لها به بموجب صك الحكم رقم (4530241622) وتاريخ 13/03/1445هـ، وقدره (27,651,219) ريال ـ 13/03/1445هـ",حكم / صك,أ. المجلد الرئيسي للقضية,[مخرج آلي / Script Output - سماوي],[مخرج آلي يحتاج مراجعة بشرية - وردي]
02-06-1446,0,تذكرة تقديم طلب التماس إعادة نظر في القضية رقم (42824717) مقيد برقم (4611037394) وتاريخ 02/06/1446هـ ـ 02/06/1446هـ,مذكرة قضائية,أ. المجلد الرئيسي للقضية,[مخرج آلي / Script Output - سماوي],[مخرج آلي يحتاج مراجعة بشرية - وردي]
02 / 12 / 1432,0,ملف دراسة دفع بعدم صفة المدعي/ عدنان في الدعوى لكون المورث قد امتدت حياته عقب العقد بسبع سنوات دون أن يطعن في العقد. ـ —,عقد / اتفاقية,أ. المجلد الرئيسي للقضية,[مخرج آلي / Script Output - سماوي],[مخرج آلي يحتاج مراجعة بشرية - وردي]
24/04/1446,0,التماس الشيخ أسامه زيني ـ القضية 42824717 ـ من المستشار.docx,مذكرة قضائية,أ. المجلد الرئيسي للقضية,[مخرج آلي / Script Output - سماوي],[مخرج آلي يحتاج مراجعة بشرية - وردي]
01-01-1430,0,مرفقات المدعي عدنان زيني في الدعوى رقم 42824717.pdf,عقد / اتفاقية,أ. المجلد الرئيسي للقضية,[مخرج آلي / Script Output - سماوي],[مخرج آلي يحتاج مراجعة بشرية - وردي]
29-12-1430,0,مرفقات المدعي عدنان زيني في الدعوى رقم 42824717.pdf,عقد / اتفاقية,أ. المجلد الرئيسي للقضية,[مخرج آلي / Script Output - سماوي],[مخرج آلي يحتاج مراجعة بشرية - وردي]
09/08/1431,0,مرفقات المدعي عدنان زيني في الدعوى رقم 42824717.pdf,عقد / اتفاقية,أ. المجلد الرئيسي للقضية,[مخرج آلي / Script Output - سماوي],[مخرج آلي يحتاج مراجعة بشرية - وردي]
8/15/1431,0,مرفقات المدعي عدنان زيني في الدعوى رقم 42824717.pdf,عقد / اتفاقية,أ. المجلد الرئيسي للقضية,[مخرج آلي / Script Output - سماوي],[مخرج آلي يحتاج مراجعة بشرية - وردي]
9/22/1431,0,مرفقات المدعي عدنان زيني في الدعوى رقم 42824717.pdf,عقد / اتفاقية,أ. المجلد الرئيسي للقضية,[مخرج آلي / Script Output - سماوي],[مخرج آلي يحتاج مراجعة بشرية - وردي]
23/01/1432,0,مرفقات المدعي عدنان زيني في الدعوى رقم 42824717.pdf,عقد / اتفاقية,أ. المجلد الرئيسي للقضية,[مخرج آلي / Script Output - سماوي],[مخرج آلي يحتاج مراجعة بشرية - وردي]
10/19/1431,0,مرفقات المدعي عدنان زيني في الدعوى رقم 42824717.pdf,عقد / اتفاقية,أ. المجلد الرئيسي للقضية,[مخرج آلي / Script Output - سماوي],[مخرج آلي يحتاج مراجعة بشرية - وردي]
10-07-1434,0,محضر اجتماع تقسيم شركات ابار وزيني و شيكات الامير احمد و بيان شيكات القروض البنكية.pdf,محضر,أ. المجلد الرئيسي للقضية,[مخرج آلي / Script Output - سماوي],[مخرج آلي يحتاج مراجعة بشرية - وردي]
12/3/ 1429,0,ملحق تنازل الشيخ احمد زيني عن كامل حصصه الى الشيخ اسامة في شركة احمد زيني التجارية ـ 16-10-1431.pdf,عقد / اتفاقية,أ. المجلد الرئيسي للقضية,[مخرج آلي / Script Output - سماوي],[مخرج آلي يحتاج مراجعة بشرية - وردي]
4/4/ 1430,0,ملحق تنازل الشيخ احمد زيني عن كامل حصصه الى الشيخ اسامة في شركة احمد زيني التجارية ـ 16-10-1431.pdf,عقد / اتفاقية,أ. المجلد الرئيسي للقضية,[مخرج آلي / Script Output - سماوي],[مخرج آلي يحتاج مراجعة بشرية - وردي]
08/04/1445,0,أمر تنفيذ الوالدة عاتقة ضد الشيخ أسامة ـ 401024501240718 ـ 08-04-1445 ـ منتهي,محضر,أ. المجلد الرئيسي للقضية (39 ملفاً),[مخرج آلي / Script Output - سماوي],[مخرج آلي يحتاج مراجعة بشرية - وردي]
16/03/1445,0,أمر تنفيذ عدنان زيني ضد الشيخ أسامة ـ 401024501215577 ـ 16-03-1445,إخطار مطالبة,أ. المجلد الرئيسي للقضية (39 ملفاً),[مخرج آلي / Script Output - سماوي],[مخرج آلي يحتاج مراجعة بشرية - وردي]
10/02/1438,0,حكم القاضي الدعيلج بإرجاع القضية رقم 3218883 ـ 25-10-1438,حكم / صك,أ. المجلد الرئيسي للقضية (39 ملفاً),[مخرج آلي / Script Output - سماوي],[مخرج آلي يحتاج مراجعة بشرية - وردي]
04/03/1432,0,حكم القاضي الدعيلج بإرجاع القضية رقم 3218883 ـ 25-10-1438,حكم / صك,أ. المجلد الرئيسي للقضية (39 ملفاً),[مخرج آلي / Script Output - سماوي],[مخرج آلي يحتاج مراجعة بشرية - وردي]
23/12/1434,0,حكم القاضي الدعيلج بإرجاع القضية رقم 3218883 ـ 25-10-1438,حكم / صك,أ. المجلد الرئيسي للقضية (39 ملفاً),[مخرج آلي / Script Output - سماوي],[مخرج آلي يحتاج مراجعة بشرية - وردي]
22/7/1435,0,حكم القاضي الدعيلج بإرجاع القضية رقم 3218883 ـ 25-10-1438,حكم / صك,أ. المجلد الرئيسي للقضية (39 ملفاً),[مخرج آلي / Script Output - سماوي],[مخرج آلي يحتاج مراجعة بشرية - وردي]
03/09/1435,0,حكم القاضي الدعيلج بإرجاع القضية رقم 3218883 ـ 25-10-1438,حكم / صك,أ. المجلد الرئيسي للقضية (39 ملفاً),[مخرج آلي / Script Output - سماوي],[مخرج آلي يحتاج مراجعة بشرية - وردي]
20/9/1431,0,حكم القاضي الدعيلج بإرجاع القضية رقم 3218883 ـ 25-10-1438,حكم / صك,أ. المجلد الرئيسي للقضية (39 ملفاً),[مخرج آلي / Script Output - سماوي],[مخرج آلي يحتاج مراجعة بشرية - وردي]
4/3/1432,0,حكم القاضي الدعيلج بإرجاع القضية رقم 3218883 ـ 25-10-1438,حكم / صك,أ. المجلد الرئيسي للقضية (39 ملفاً),[مخرج آلي / Script Output - سماوي],[مخرج آلي يحتاج مراجعة بشرية - وردي]
26/7/1434,0,حكم القاضي الدعيلج بإرجاع القضية رقم 3218883 ـ 25-10-1438,حكم / صك,أ. المجلد الرئيسي للقضية (39 ملفاً),[مخرج آلي / Script Output - سماوي],[مخرج آلي يحتاج مراجعة بشرية - وردي]
26/07/1434,0,حكم القاضي الدعيلج بإرجاع القضية رقم 3218883 ـ 25-10-1438,حكم / صك,أ. المجلد الرئيسي للقضية (39 ملفاً),[مخرج آلي / Script Output - سماوي],[مخرج آلي يحتاج مراجعة بشرية - وردي]
02/02/1438,0,حكم القاضي الدعيلج بإرجاع القضية رقم 3218883 ـ 25-10-1438,حكم / صك,أ. المجلد الرئيسي للقضية (39 ملفاً),[مخرج آلي / Script Output - سماوي],[مخرج آلي يحتاج مراجعة بشرية - وردي]
25/10/1438,0,حكم القاضي الدعيلج بإرجاع القضية رقم 3218883 ـ 25-10-1438,حكم / صك,أ. المجلد الرئيسي للقضية (39 ملفاً),[مخرج آلي / Script Output - سماوي],[مخرج آلي يحتاج مراجعة بشرية - وردي]
10 / 2 / 1438,0,محضر جلسة دعوى عدنان ضد أسامة,محضر,أ. المجلد الرئيسي للقضية (39 ملفاً),[مخرج آلي / Script Output - سماوي],[مخرج آلي يحتاج مراجعة بشرية - وردي]
20 / 3 / 1445,0,التماس على الحكم النهائي ـ دائرة الاستئناف الثانية,حكم / صك,ب. المذكرات المقدمة من الطرفين (49 ملفاً),[مخرج آلي / Script Output - سماوي],[مخرج آلي يحتاج مراجعة بشرية - وردي]
26/11/1431,0,التماس على الحكم النهائي ـ دائرة الاستئناف الثانية,حكم / صك,ب. المذكرات المقدمة من الطرفين (49 ملفاً),[مخرج آلي / Script Output - سماوي],[مخرج آلي يحتاج مراجعة بشرية - وردي]
29/02/1435,0,التماس على الحكم النهائي ـ دائرة الاستئناف الثانية,حكم / صك,ب. المذكرات المقدمة من الطرفين (49 ملفاً),[مخرج آلي / Script Output - سماوي],[مخرج آلي يحتاج مراجعة بشرية - وردي]
10/02/1438,0,حكم الدعيلج بإرجاع القضية 3218883 ـ نسخة,حكم / صك,ب. المذكرات المقدمة من الطرفين (49 ملفاً),[مخرج آلي / Script Output - سماوي],[مخرج آلي يحتاج مراجعة بشرية - وردي]
04/03/1432,0,حكم الدعيلج بإرجاع القضية 3218883 ـ نسخة,حكم / صك,ب. المذكرات المقدمة من الطرفين (49 ملفاً),[مخرج آلي / Script Output - سماوي],[مخرج آلي يحتاج مراجعة بشرية - وردي]
23/12/1434,0,حكم الدعيلج بإرجاع القضية 3218883 ـ نسخة,حكم / صك,ب. المذكرات المقدمة من الطرفين (49 ملفاً),[مخرج آلي / Script Output - سماوي],[مخرج آلي يحتاج مراجعة بشرية - وردي]
22/7/1435,0,حكم الدعيلج بإرجاع القضية 3218883 ـ نسخة,حكم / صك,ب. المذكرات المقدمة من الطرفين (49 ملفاً),[مخرج آلي / Script Output - سماوي],[مخرج آلي يحتاج مراجعة بشرية - وردي]
03/09/1435,0,حكم الدعيلج بإرجاع القضية 3218883 ـ نسخة,حكم / صك,ب. المذكرات المقدمة من الطرفين (49 ملفاً),[مخرج آلي / Script Output - سماوي],[مخرج آلي يحتاج مراجعة بشرية - وردي]
20/9/1431,0,حكم الدعيلج بإرجاع القضية 3218883 ـ نسخة,حكم / صك,ب. المذكرات المقدمة من الطرفين (49 ملفاً),[مخرج آلي / Script Output - سماوي],[مخرج آلي يحتاج مراجعة بشرية - وردي]
4/3/1432,0,حكم الدعيلج بإرجاع القضية 3218883 ـ نسخة,حكم / صك,ب. المذكرات المقدمة من الطرفين (49 ملفاً),[مخرج آلي / Script Output - سماوي],[مخرج آلي يحتاج مراجعة بشرية - وردي]
26/7/1434,0,حكم الدعيلج بإرجاع القضية 3218883 ـ نسخة,حكم / صك,ب. المذكرات المقدمة من الطرفين (49 ملفاً),[مخرج آلي / Script Output - سماوي],[مخرج آلي يحتاج مراجعة بشرية - وردي]
26/07/1434,0,حكم الدعيلج بإرجاع القضية 3218883 ـ نسخة,حكم / صك,ب. المذكرات المقدمة من الطرفين (49 ملفاً),[مخرج آلي / Script Output - سماوي],[مخرج آلي يحتاج مراجعة بشرية - وردي]
02/02/1438,0,حكم الدعيلج بإرجاع القضية 3218883 ـ نسخة,حكم / صك,ب. المذكرات المقدمة من الطرفين (49 ملفاً),[مخرج آلي / Script Output - سماوي],[مخرج آلي يحتاج مراجعة بشرية - وردي]
25/10/1438,0,حكم الدعيلج بإرجاع القضية 3218883 ـ نسخة,حكم / صك,ب. المذكرات المقدمة من الطرفين (49 ملفاً),[مخرج آلي / Script Output - سماوي],[مخرج آلي يحتاج مراجعة بشرية - وردي]
03 / 06 / 1447,0,حكم نهائي بنقض حكم ابراء ذمة الشيخ أسامة من طلب تنفيذ الوالدة عاتقة الحرازي - 22-07-1447 ـ 4771864931.pdf,حكم / صك,ب. المذكرات المقدمة من الطرفين (49 ملفاً),[مخرج آلي / Script Output - سماوي],[مخرج آلي يحتاج مراجعة بشرية - وردي]
25/08/1445,0,حكم نهائي بنقض حكم ابراء ذمة الشيخ أسامة من طلب تنفيذ الوالدة عاتقة الحرازي - 22-07-1447 ـ 4771864931.pdf,حكم / صك,ب. المذكرات المقدمة من الطرفين (49 ملفاً),[مخرج آلي / Script Output - سماوي],[مخرج آلي يحتاج مراجعة بشرية - وردي]
24/04/1446,0,حكم نهائي بنقض حكم ابراء ذمة الشيخ أسامة من طلب تنفيذ الوالدة عاتقة الحرازي - 22-07-1447 ـ 4771864931.pdf,حكم / صك,ب. المذكرات المقدمة من الطرفين (49 ملفاً),[مخرج آلي / Script Output - سماوي],[مخرج آلي يحتاج مراجعة بشرية - وردي]
23-09-1445,0,مذكرة النقض للعليا 23-09-1445 ـ مرفق حكم التخارج,حكم / صك,ب. المذكرات المقدمة من الطرفين (49 ملفاً),[مخرج آلي / Script Output - سماوي],[مخرج آلي يحتاج مراجعة بشرية - وردي]
06 / 03 / 1445,0,مذكرة توضيحية من المدعي ـ 06-03-1445,مذكرة قضائية,ب. المذكرات المقدمة من الطرفين (49 ملفاً),[مخرج آلي / Script Output - سماوي],[مخرج آلي يحتاج مراجعة بشرية - وردي]
28 / 08 / 1447,0,مذكرة جوابية من المدعي ـ 28-08-1447,مذكرة قضائية,ب. المذكرات المقدمة من الطرفين (49 ملفاً),[مخرج آلي / Script Output - سماوي],[مخرج آلي يحتاج مراجعة بشرية - وردي]
07 - 11 - 1432,0,مذكرة جوابية من عدنان وعاتقة ـ 16-11-1444 ـ مرفق تقييم,تقرير خبرة,ب. المذكرات المقدمة من الطرفين (49 ملفاً),[مخرج آلي / Script Output - سماوي],[مخرج آلي يحتاج مراجعة بشرية - وردي]
2/15/ 1392,0,مذكرة طلب النقض على الحكم النهائي,حكم / صك,ب. المذكرات المقدمة من الطرفين (49 ملفاً),[مخرج آلي / Script Output - سماوي],[مخرج آلي يحتاج مراجعة بشرية - وردي]
11/ 2 / 1434,0,مذكرة طلب النقض على الحكم النهائي,حكم / صك,ب. المذكرات المقدمة من الطرفين (49 ملفاً),[مخرج آلي / Script Output - سماوي],[مخرج آلي يحتاج مراجعة بشرية - وردي]
10/ 2 / 1434,0,مذكرة طلب النقض على الحكم النهائي,حكم / صك,ب. المذكرات المقدمة من الطرفين (49 ملفاً),[مخرج آلي / Script Output - سماوي],[مخرج آلي يحتاج مراجعة بشرية - وردي]
2/ 2 / 1434,0,مذكرة طلب النقض على الحكم النهائي,حكم / صك,ب. المذكرات المقدمة من الطرفين (49 ملفاً),[مخرج آلي / Script Output - سماوي],[مخرج آلي يحتاج مراجعة بشرية - وردي]
1/6/1442,0,مذكرة طلب النقض على الحكم النهائي,حكم / صك,ب. المذكرات المقدمة من الطرفين (49 ملفاً),[مخرج آلي / Script Output - سماوي],[مخرج آلي يحتاج مراجعة بشرية - وردي]
10 / 5 / 1436,0,مذكرة طلب النقض على الحكم النهائي,حكم / صك,ب. المذكرات المقدمة من الطرفين (49 ملفاً),[مخرج آلي / Script Output - سماوي],[مخرج آلي يحتاج مراجعة بشرية - وردي]
8/ 2 / 1432,0,مذكرة طلب النقض على الحكم النهائي,حكم / صك,ب. المذكرات المقدمة من الطرفين (49 ملفاً),[مخرج آلي / Script Output - سماوي],[مخرج آلي يحتاج مراجعة بشرية - وردي]
20-02-1445,0,مذكرة من المحامي السديري 20-02-1445 ـ الاعتراض على تقرير ابو غزالة.pdf,مذكرة قضائية,ب. المذكرات المقدمة من الطرفين (49 ملفاً),[مخرج آلي / Script Output - سماوي],[مخرج آلي يحتاج مراجعة بشرية - وردي]
12/3/ 1429,0,مرفق 1 ـ مذكرة عزام خوج ـ 05-07-1434,مذكرة قضائية,ب. المذكرات المقدمة من الطرفين (49 ملفاً),[مخرج آلي / Script Output - سماوي],[مخرج آلي يحتاج مراجعة بشرية - وردي]
2/15/ 1392,0,مرفق 1 ـ مذكرة عزام خوج ـ 05-07-1434,مذكرة قضائية,ب. المذكرات المقدمة من الطرفين (49 ملفاً),[مخرج آلي / Script Output - سماوي],[مخرج آلي يحتاج مراجعة بشرية - وردي]
12/3/ 1429,0,مرفق 3 ـ مذكرة أبو راشد ـ 23-01-1443,مذكرة قضائية,ب. المذكرات المقدمة من الطرفين (49 ملفاً),[مخرج آلي / Script Output - سماوي],[مخرج آلي يحتاج مراجعة بشرية - وردي]
10/ 2/ 1438,0,ضبط جلسة رقم 32 يوم 24-11-1444 هـ للقضية رقم 42824717.pdf,محضر,ج. محاضر ضبط الجلسات (16 ملفاً),[مخرج آلي / Script Output - سماوي],[مخرج آلي يحتاج مراجعة بشرية - وردي]
12/5/1438,0,ضبط جلسة رقم 33 يوم 02-12-1444 هـ للقضية رقم 42824717.pdf,محضر,ج. محاضر ضبط الجلسات (16 ملفاً),[مخرج آلي / Script Output - سماوي],[مخرج آلي يحتاج مراجعة بشرية - وردي]
02-12-1444,0,ضبط جلسة رقم 33 يوم 02-12-1444 هـ للقضية رقم 42824717.pdf,محضر,ج. محاضر ضبط الجلسات (16 ملفاً),[مخرج آلي / Script Output - سماوي],[مخرج آلي يحتاج مراجعة بشرية - وردي]
18/11/1393,0,ضبط جلسة رقم 34 يوم 12-02-1445 هـ للقضية رقم 42824717 .pdf,محضر,ج. محاضر ضبط الجلسات (16 ملفاً),[مخرج آلي / Script Output - سماوي],[مخرج آلي يحتاج مراجعة بشرية - وردي]
10-07-1434,0,سداد عقد المحاصة (Excel),عقد / اتفاقية,ح. مرفقات مصروفات الشيخ أحمد وقت الحجز (3 ملفات + 3 مجلدات داخلية),[مخرج آلي / Script Output - سماوي],[مخرج آلي يحتاج مراجعة بشرية - وردي]
02/11/1435,0,المسحوبات 1436 (zip),عقد / اتفاقية,ح-1. المسحوبات (8 ملفات),[مخرج آلي / Script Output - سماوي],[مخرج آلي يحتاج مراجعة بشرية - وردي]
02/10/1435,0,المسحوبات 1436 (zip),عقد / اتفاقية,ح-1. المسحوبات (8 ملفات),[مخرج آلي / Script Output - سماوي],[مخرج آلي يحتاج مراجعة بشرية - وردي]
23/06/1435,0,المسحوبات 1436 (zip),عقد / اتفاقية,ح-1. المسحوبات (8 ملفات),[مخرج آلي / Script Output - سماوي],[مخرج آلي يحتاج مراجعة بشرية - وردي]
20/03/1435,0,المسحوبات 1436 (zip),عقد / اتفاقية,ح-1. المسحوبات (8 ملفات),[مخرج آلي / Script Output - سماوي],[مخرج آلي يحتاج مراجعة بشرية - وردي]
08/02/1435,0,المسحوبات 1436 (zip),عقد / اتفاقية,ح-1. المسحوبات (8 ملفات),[مخرج آلي / Script Output - سماوي],[مخرج آلي يحتاج مراجعة بشرية - وردي]
25/12/1434,0,المسحوبات 1436 (zip),عقد / اتفاقية,ح-1. المسحوبات (8 ملفات),[مخرج آلي / Script Output - سماوي],[مخرج آلي يحتاج مراجعة بشرية - وردي]
08/04/1434,0,المسحوبات 1436 (zip),عقد / اتفاقية,ح-1. المسحوبات (8 ملفات),[مخرج آلي / Script Output - سماوي],[مخرج آلي يحتاج مراجعة بشرية - وردي]
12/03/1434,0,المسحوبات 1436 (zip),عقد / اتفاقية,ح-1. المسحوبات (8 ملفات),[مخرج آلي / Script Output - سماوي],[مخرج آلي يحتاج مراجعة بشرية - وردي]
14/11/1433,0,المسحوبات 1436 (zip),عقد / اتفاقية,ح-1. المسحوبات (8 ملفات),[مخرج آلي / Script Output - سماوي],[مخرج آلي يحتاج مراجعة بشرية - وردي]
21/07/1436,0,المسحوبات 2015 (zip),عقد / اتفاقية,ح-1. المسحوبات (8 ملفات),[مخرج آلي / Script Output - سماوي],[مخرج آلي يحتاج مراجعة بشرية - وردي]
19/09/1436,0,المسحوبات 2015 (zip),عقد / اتفاقية,ح-1. المسحوبات (8 ملفات),[مخرج آلي / Script Output - سماوي],[مخرج آلي يحتاج مراجعة بشرية - وردي]
29/11/1436,0,المسحوبات 2015 (zip),عقد / اتفاقية,ح-1. المسحوبات (8 ملفات),[مخرج آلي / Script Output - سماوي],[مخرج آلي يحتاج مراجعة بشرية - وردي]
29/03/1436,0,المسحوبات 2015 (zip),عقد / اتفاقية,ح-1. المسحوبات (8 ملفات),[مخرج آلي / Script Output - سماوي],[مخرج آلي يحتاج مراجعة بشرية - وردي]
06/01/1437,0,المسحوبات 2015 (zip),عقد / اتفاقية,ح-1. المسحوبات (8 ملفات),[مخرج آلي / Script Output - سماوي],[مخرج آلي يحتاج مراجعة بشرية - وردي]
18/05/1433,0,المسحوبات 2015 (zip),عقد / اتفاقية,ح-1. المسحوبات (8 ملفات),[مخرج آلي / Script Output - سماوي],[مخرج آلي يحتاج مراجعة بشرية - وردي]
21/03/1437,0,المسحوبات 2015 (zip),عقد / اتفاقية,ح-1. المسحوبات (8 ملفات),[مخرج آلي / Script Output - سماوي],[مخرج آلي يحتاج مراجعة بشرية - وردي]
16/03/1436,0,المسحوبات 2015 (zip),عقد / اتفاقية,ح-1. المسحوبات (8 ملفات),[مخرج آلي / Script Output - سماوي],[مخرج آلي يحتاج مراجعة بشرية - وردي]
02/11/1435,0,المسحوبات 2015 (zip),عقد / اتفاقية,ح-1. المسحوبات (8 ملفات),[مخرج آلي / Script Output - سماوي],[مخرج آلي يحتاج مراجعة بشرية - وردي]
02/10/1435,0,المسحوبات 2015 (zip),عقد / اتفاقية,ح-1. المسحوبات (8 ملفات),[مخرج آلي / Script Output - سماوي],[مخرج آلي يحتاج مراجعة بشرية - وردي]
23/06/1435,0,المسحوبات 2015 (zip),عقد / اتفاقية,ح-1. المسحوبات (8 ملفات),[مخرج آلي / Script Output - سماوي],[مخرج آلي يحتاج مراجعة بشرية - وردي]
20/03/1435,0,المسحوبات 2015 (zip),عقد / اتفاقية,ح-1. المسحوبات (8 ملفات),[مخرج آلي / Script Output - سماوي],[مخرج آلي يحتاج مراجعة بشرية - وردي]
13/02/1435,0,المسحوبات 2015 (zip),عقد / اتفاقية,ح-1. المسحوبات (8 ملفات),[مخرج آلي / Script Output - سماوي],[مخرج آلي يحتاج مراجعة بشرية - وردي]
08/02/1435,0,المسحوبات 2015 (zip),عقد / اتفاقية,ح-1. المسحوبات (8 ملفات),[مخرج آلي / Script Output - سماوي],[مخرج آلي يحتاج مراجعة بشرية - وردي]
25/12/1434,0,المسحوبات 2015 (zip),عقد / اتفاقية,ح-1. المسحوبات (8 ملفات),[مخرج آلي / Script Output - سماوي],[مخرج آلي يحتاج مراجعة بشرية - وردي]
06-10-1431,0,ملف المسحوبات (Excel),وكالة,ح-1. المسحوبات (8 ملفات),[مخرج آلي / Script Output - سماوي],[مخرج آلي يحتاج مراجعة بشرية - وردي]
10-10-1431,0,ملف المسحوبات (Excel),وكالة,ح-1. المسحوبات (8 ملفات),[مخرج آلي / Script Output - سماوي],[مخرج آلي يحتاج مراجعة بشرية - وردي]
20-10-1431,0,ملف المسحوبات (Excel),وكالة,ح-1. المسحوبات (8 ملفات),[مخرج آلي / Script Output - سماوي],[مخرج آلي يحتاج مراجعة بشرية - وردي]
26-10-1431,0,ملف المسحوبات (Excel),وكالة,ح-1. المسحوبات (8 ملفات),[مخرج آلي / Script Output - سماوي],[مخرج آلي يحتاج مراجعة بشرية - وردي]
13-01-1430,0,ملف المسحوبات (Excel),وكالة,ح-1. المسحوبات (8 ملفات),[مخرج آلي / Script Output - سماوي],[مخرج آلي يحتاج مراجعة بشرية - وردي]
02-12-1431,0,ملف المسحوبات (Excel),وكالة,ح-1. المسحوبات (8 ملفات),[مخرج آلي / Script Output - سماوي],[مخرج آلي يحتاج مراجعة بشرية - وردي]
22-12-1431,0,ملف المسحوبات (Excel),وكالة,ح-1. المسحوبات (8 ملفات),[مخرج آلي / Script Output - سماوي],[مخرج آلي يحتاج مراجعة بشرية - وردي]
29-12-1431,0,ملف المسحوبات (Excel),وكالة,ح-1. المسحوبات (8 ملفات),[مخرج آلي / Script Output - سماوي],[مخرج آلي يحتاج مراجعة بشرية - وردي]
15-01-1432,0,ملف المسحوبات (Excel),وكالة,ح-1. المسحوبات (8 ملفات),[مخرج آلي / Script Output - سماوي],[مخرج آلي يحتاج مراجعة بشرية - وردي]
21-01-1432,0,ملف المسحوبات (Excel),وكالة,ح-1. المسحوبات (8 ملفات),[مخرج آلي / Script Output - سماوي],[مخرج آلي يحتاج مراجعة بشرية - وردي]
22-01-1432,0,ملف المسحوبات (Excel),وكالة,ح-1. المسحوبات (8 ملفات),[مخرج آلي / Script Output - سماوي],[مخرج آلي يحتاج مراجعة بشرية - وردي]
29-01-1432,0,ملف المسحوبات (Excel),وكالة,ح-1. المسحوبات (8 ملفات),[مخرج آلي / Script Output - سماوي],[مخرج آلي يحتاج مراجعة بشرية - وردي]
13-02-1432,0,ملف المسحوبات (Excel),وكالة,ح-1. المسحوبات (8 ملفات),[مخرج آلي / Script Output - سماوي],[مخرج آلي يحتاج مراجعة بشرية - وردي]
03-03-1432,0,ملف المسحوبات (Excel),وكالة,ح-1. المسحوبات (8 ملفات),[مخرج آلي / Script Output - سماوي],[مخرج آلي يحتاج مراجعة بشرية - وردي]
27-03-1432,0,ملف المسحوبات (Excel),وكالة,ح-1. المسحوبات (8 ملفات),[مخرج آلي / Script Output - سماوي],[مخرج آلي يحتاج مراجعة بشرية - وردي]
30-03-1432,0,ملف المسحوبات (Excel),وكالة,ح-1. المسحوبات (8 ملفات),[مخرج آلي / Script Output - سماوي],[مخرج آلي يحتاج مراجعة بشرية - وردي]
02-05-1432,0,ملف المسحوبات (Excel),وكالة,ح-1. المسحوبات (8 ملفات),[مخرج آلي / Script Output - سماوي],[مخرج آلي يحتاج مراجعة بشرية - وردي]
01-05-1432,0,ملف المسحوبات (Excel),وكالة,ح-1. المسحوبات (8 ملفات),[مخرج آلي / Script Output - سماوي],[مخرج آلي يحتاج مراجعة بشرية - وردي]
15-05-1432,0,ملف المسحوبات (Excel),وكالة,ح-1. المسحوبات (8 ملفات),[مخرج آلي / Script Output - سماوي],[مخرج آلي يحتاج مراجعة بشرية - وردي]
22-05-1432,0,ملف المسحوبات (Excel),وكالة,ح-1. المسحوبات (8 ملفات),[مخرج آلي / Script Output - سماوي],[مخرج آلي يحتاج مراجعة بشرية - وردي]
21-05-1432,0,ملف المسحوبات (Excel),وكالة,ح-1. المسحوبات (8 ملفات),[مخرج آلي / Script Output - سماوي],[مخرج آلي يحتاج مراجعة بشرية - وردي]
27-05-1432,0,ملف المسحوبات (Excel),وكالة,ح-1. المسحوبات (8 ملفات),[مخرج آلي / Script Output - سماوي],[مخرج آلي يحتاج مراجعة بشرية - وردي]
26-05-1432,0,ملف المسحوبات (Excel),وكالة,ح-1. المسحوبات (8 ملفات),[مخرج آلي / Script Output - سماوي],[مخرج آلي يحتاج مراجعة بشرية - وردي]
30-05-1432,0,ملف المسحوبات (Excel),وكالة,ح-1. المسحوبات (8 ملفات),[مخرج آلي / Script Output - سماوي],[مخرج آلي يحتاج مراجعة بشرية - وردي]
29-05-1432,0,ملف المسحوبات (Excel),وكالة,ح-1. المسحوبات (8 ملفات),[مخرج آلي / Script Output - سماوي],[مخرج آلي يحتاج مراجعة بشرية - وردي]
08-06-1432,0,ملف المسحوبات (Excel),وكالة,ح-1. المسحوبات (8 ملفات),[مخرج آلي / Script Output - سماوي],[مخرج آلي يحتاج مراجعة بشرية - وردي]
03-07-1432,0,ملف المسحوبات (Excel),وكالة,ح-1. المسحوبات (8 ملفات),[مخرج آلي / Script Output - سماوي],[مخرج آلي يحتاج مراجعة بشرية - وردي]
28-07-1432,0,ملف المسحوبات (Excel),وكالة,ح-1. المسحوبات (8 ملفات),[مخرج آلي / Script Output - سماوي],[مخرج آلي يحتاج مراجعة بشرية - وردي]
03-08-1432,0,ملف المسحوبات (Excel),وكالة,ح-1. المسحوبات (8 ملفات),[مخرج آلي / Script Output - سماوي],[مخرج آلي يحتاج مراجعة بشرية - وردي]
01-09-1432,0,ملف المسحوبات (Excel),وكالة,ح-1. المسحوبات (8 ملفات),[مخرج آلي / Script Output - سماوي],[مخرج آلي يحتاج مراجعة بشرية - وردي]
23-09-1432,0,ملف المسحوبات (Excel),وكالة,ح-1. المسحوبات (8 ملفات),[مخرج آلي / Script Output - سماوي],[مخرج آلي يحتاج مراجعة بشرية - وردي]
09-10-1432,0,ملف المسحوبات (Excel),وكالة,ح-1. المسحوبات (8 ملفات),[مخرج آلي / Script Output - سماوي],[مخرج آلي يحتاج مراجعة بشرية - وردي]
27-10-1432,0,ملف المسحوبات (Excel),وكالة,ح-1. المسحوبات (8 ملفات),[مخرج آلي / Script Output - سماوي],[مخرج آلي يحتاج مراجعة بشرية - وردي]
01-11-1432,0,ملف المسحوبات (Excel),وكالة,ح-1. المسحوبات (8 ملفات),[مخرج آلي / Script Output - سماوي],[مخرج آلي يحتاج مراجعة بشرية - وردي]
06-11-1432,0,ملف المسحوبات (Excel),وكالة,ح-1. المسحوبات (8 ملفات),[مخرج آلي / Script Output - سماوي],[مخرج آلي يحتاج مراجعة بشرية - وردي]
03-12-1432,0,ملف المسحوبات (Excel),وكالة,ح-1. المسحوبات (8 ملفات),[مخرج آلي / Script Output - سماوي],[مخرج آلي يحتاج مراجعة بشرية - وردي]
04-12-1432,0,ملف المسحوبات (Excel),وكالة,ح-1. المسحوبات (8 ملفات),[مخرج آلي / Script Output - سماوي],[مخرج آلي يحتاج مراجعة بشرية - وردي]
27-12-1432,0,ملف المسحوبات (Excel),وكالة,ح-1. المسحوبات (8 ملفات),[مخرج آلي / Script Output - سماوي],[مخرج آلي يحتاج مراجعة بشرية - وردي]
29-12-1432,0,ملف المسحوبات (Excel),وكالة,ح-1. المسحوبات (8 ملفات),[مخرج آلي / Script Output - سماوي],[مخرج آلي يحتاج مراجعة بشرية - وردي]
22-01-1433,0,ملف المسحوبات (Excel),وكالة,ح-1. المسحوبات (8 ملفات),[مخرج آلي / Script Output - سماوي],[مخرج آلي يحتاج مراجعة بشرية - وردي]
02-02-1433,0,ملف المسحوبات (Excel),وكالة,ح-1. المسحوبات (8 ملفات),[مخرج آلي / Script Output - سماوي],[مخرج آلي يحتاج مراجعة بشرية - وردي]
20-02-1433,0,ملف المسحوبات (Excel),وكالة,ح-1. المسحوبات (8 ملفات),[مخرج آلي / Script Output - سماوي],[مخرج آلي يحتاج مراجعة بشرية - وردي]
23-02-1433,0,ملف المسحوبات (Excel),وكالة,ح-1. المسحوبات (8 ملفات),[مخرج آلي / Script Output - سماوي],[مخرج آلي يحتاج مراجعة بشرية - وردي]
30-03-1433,0,ملف المسحوبات (Excel),وكالة,ح-1. المسحوبات (8 ملفات),[مخرج آلي / Script Output - سماوي],[مخرج آلي يحتاج مراجعة بشرية - وردي]
06-04-1433,0,ملف المسحوبات (Excel),وكالة,ح-1. المسحوبات (8 ملفات),[مخرج آلي / Script Output - سماوي],[مخرج آلي يحتاج مراجعة بشرية - وردي]
19-04-1433,0,ملف المسحوبات (Excel),وكالة,ح-1. المسحوبات (8 ملفات),[مخرج آلي / Script Output - سماوي],[مخرج آلي يحتاج مراجعة بشرية - وردي]
02-05-1433,0,ملف المسحوبات (Excel),وكالة,ح-1. المسحوبات (8 ملفات),[مخرج آلي / Script Output - سماوي],[مخرج آلي يحتاج مراجعة بشرية - وردي]
04-05-1433,0,ملف المسحوبات (Excel),وكالة,ح-1. المسحوبات (8 ملفات),[مخرج آلي / Script Output - سماوي],[مخرج آلي يحتاج مراجعة بشرية - وردي]
30-05-1433,0,ملف المسحوبات (Excel),وكالة,ح-1. المسحوبات (8 ملفات),[مخرج آلي / Script Output - سماوي],[مخرج آلي يحتاج مراجعة بشرية - وردي]
11-06-1433,0,ملف المسحوبات (Excel),وكالة,ح-1. المسحوبات (8 ملفات),[مخرج آلي / Script Output - سماوي],[مخرج آلي يحتاج مراجعة بشرية - وردي]
01-07-1433,0,ملف المسحوبات (Excel),وكالة,ح-1. المسحوبات (8 ملفات),[مخرج آلي / Script Output - سماوي],[مخرج آلي يحتاج مراجعة بشرية - وردي]
28-07-1433,0,ملف المسحوبات (Excel),وكالة,ح-1. المسحوبات (8 ملفات),[مخرج آلي / Script Output - سماوي],[مخرج آلي يحتاج مراجعة بشرية - وردي]
29-07-1433,0,ملف المسحوبات (Excel),وكالة,ح-1. المسحوبات (8 ملفات),[مخرج آلي / Script Output - سماوي],[مخرج آلي يحتاج مراجعة بشرية - وردي]
28-08-1433,0,ملف المسحوبات (Excel),وكالة,ح-1. المسحوبات (8 ملفات),[مخرج آلي / Script Output - سماوي],[مخرج آلي يحتاج مراجعة بشرية - وردي]
29-08-1433,0,ملف المسحوبات (Excel),وكالة,ح-1. المسحوبات (8 ملفات),[مخرج آلي / Script Output - سماوي],[مخرج آلي يحتاج مراجعة بشرية - وردي]
25-09-1433,0,ملف المسحوبات (Excel),وكالة,ح-1. المسحوبات (8 ملفات),[مخرج آلي / Script Output - سماوي],[مخرج آلي يحتاج مراجعة بشرية - وردي]
26-09-1433,0,ملف المسحوبات (Excel),وكالة,ح-1. المسحوبات (8 ملفات),[مخرج آلي / Script Output - سماوي],[مخرج آلي يحتاج مراجعة بشرية - وردي]
01-11-1433,0,ملف المسحوبات (Excel),وكالة,ح-1. المسحوبات (8 ملفات),[مخرج آلي / Script Output - سماوي],[مخرج آلي يحتاج مراجعة بشرية - وردي]
16-11-1433,0,ملف المسحوبات (Excel),وكالة,ح-1. المسحوبات (8 ملفات),[مخرج آلي / Script Output - سماوي],[مخرج آلي يحتاج مراجعة بشرية - وردي]
28-11-1433,0,ملف المسحوبات (Excel),وكالة,ح-1. المسحوبات (8 ملفات),[مخرج آلي / Script Output - سماوي],[مخرج آلي يحتاج مراجعة بشرية - وردي]
29-11-1433,0,ملف المسحوبات (Excel),وكالة,ح-1. المسحوبات (8 ملفات),[مخرج آلي / Script Output - سماوي],[مخرج آلي يحتاج مراجعة بشرية - وردي]
29-12-1433,0,ملف المسحوبات (Excel),وكالة,ح-1. المسحوبات (8 ملفات),[مخرج آلي / Script Output - سماوي],[مخرج آلي يحتاج مراجعة بشرية - وردي]
28-01-1434,0,ملف المسحوبات (Excel),وكالة,ح-1. المسحوبات (8 ملفات),[مخرج آلي / Script Output - سماوي],[مخرج آلي يحتاج مراجعة بشرية - وردي]
29-01-1434,0,ملف المسحوبات (Excel),وكالة,ح-1. المسحوبات (8 ملفات),[مخرج آلي / Script Output - سماوي],[مخرج آلي يحتاج مراجعة بشرية - وردي]
02-03-1434,0,ملف المسحوبات (Excel),وكالة,ح-1. المسحوبات (8 ملفات),[مخرج آلي / Script Output - سماوي],[مخرج آلي يحتاج مراجعة بشرية - وردي]
22-03-1434,0,ملف المسحوبات (Excel),وكالة,ح-1. المسحوبات (8 ملفات),[مخرج آلي / Script Output - سماوي],[مخرج آلي يحتاج مراجعة بشرية - وردي]
29-03-1434,0,ملف المسحوبات (Excel),وكالة,ح-1. المسحوبات (8 ملفات),[مخرج آلي / Script Output - سماوي],[مخرج آلي يحتاج مراجعة بشرية - وردي]
21-04-1434,0,ملف المسحوبات (Excel),وكالة,ح-1. المسحوبات (8 ملفات),[مخرج آلي / Script Output - سماوي],[مخرج آلي يحتاج مراجعة بشرية - وردي]
26-04-1434,0,ملف المسحوبات (Excel),وكالة,ح-1. المسحوبات (8 ملفات),[مخرج آلي / Script Output - سماوي],[مخرج آلي يحتاج مراجعة بشرية - وردي]
15-05-1434,0,ملف المسحوبات (Excel),وكالة,ح-1. المسحوبات (8 ملفات),[مخرج آلي / Script Output - سماوي],[مخرج آلي يحتاج مراجعة بشرية - وردي]
28-05-1434,0,ملف المسحوبات (Excel),وكالة,ح-1. المسحوبات (8 ملفات),[مخرج آلي / Script Output - سماوي],[مخرج آلي يحتاج مراجعة بشرية - وردي]
28-06-1434,0,ملف المسحوبات (Excel),وكالة,ح-1. المسحوبات (8 ملفات),[مخرج آلي / Script Output - سماوي],[مخرج آلي يحتاج مراجعة بشرية - وردي]
13-07-1434,0,ملف المسحوبات (Excel),وكالة,ح-1. المسحوبات (8 ملفات),[مخرج آلي / Script Output - سماوي],[مخرج آلي يحتاج مراجعة بشرية - وردي]
27-07-1434,0,ملف المسحوبات (Excel),وكالة,ح-1. المسحوبات (8 ملفات),[مخرج آلي / Script Output - سماوي],[مخرج آلي يحتاج مراجعة بشرية - وردي]
30-07-1434,0,ملف المسحوبات (Excel),وكالة,ح-1. المسحوبات (8 ملفات),[مخرج آلي / Script Output - سماوي],[مخرج آلي يحتاج مراجعة بشرية - وردي]
18-08-1434,0,ملف المسحوبات (Excel),وكالة,ح-1. المسحوبات (8 ملفات),[مخرج آلي / Script Output - سماوي],[مخرج آلي يحتاج مراجعة بشرية - وردي]
29-08-1434,0,ملف المسحوبات (Excel),وكالة,ح-1. المسحوبات (8 ملفات),[مخرج آلي / Script Output - سماوي],[مخرج آلي يحتاج مراجعة بشرية - وردي]
24-09-1434,0,ملف المسحوبات (Excel),وكالة,ح-1. المسحوبات (8 ملفات),[مخرج آلي / Script Output - سماوي],[مخرج آلي يحتاج مراجعة بشرية - وردي]
07-10-1434,0,ملف المسحوبات (Excel),وكالة,ح-1. المسحوبات (8 ملفات),[مخرج آلي / Script Output - سماوي],[مخرج آلي يحتاج مراجعة بشرية - وردي]
06-10-1434,0,ملف المسحوبات (Excel),وكالة,ح-1. المسحوبات (8 ملفات),[مخرج آلي / Script Output - سماوي],[مخرج آلي يحتاج مراجعة بشرية - وردي]
15-10-1434,0,ملف المسحوبات (Excel),وكالة,ح-1. المسحوبات (8 ملفات),[مخرج آلي / Script Output - سماوي],[مخرج آلي يحتاج مراجعة بشرية - وردي]
26-10-1434,0,ملف المسحوبات (Excel),وكالة,ح-1. المسحوبات (8 ملفات),[مخرج آلي / Script Output - سماوي],[مخرج آلي يحتاج مراجعة بشرية - وردي]
25-10-1434,0,ملف المسحوبات (Excel),وكالة,ح-1. المسحوبات (8 ملفات),[مخرج آلي / Script Output - سماوي],[مخرج آلي يحتاج مراجعة بشرية - وردي]
29-10-1434,0,ملف المسحوبات (Excel),وكالة,ح-1. المسحوبات (8 ملفات),[مخرج آلي / Script Output - سماوي],[مخرج آلي يحتاج مراجعة بشرية - وردي]
26-11-1434,0,ملف المسحوبات (Excel),وكالة,ح-1. المسحوبات (8 ملفات),[مخرج آلي / Script Output - سماوي],[مخرج آلي يحتاج مراجعة بشرية - وردي]
27-11-1434,0,ملف المسحوبات (Excel),وكالة,ح-1. المسحوبات (8 ملفات),[مخرج آلي / Script Output - سماوي],[مخرج آلي يحتاج مراجعة بشرية - وردي]
19-12-1434,0,ملف المسحوبات (Excel),وكالة,ح-1. المسحوبات (8 ملفات),[مخرج آلي / Script Output - سماوي],[مخرج آلي يحتاج مراجعة بشرية - وردي]
27-12-1434,0,ملف المسحوبات (Excel),وكالة,ح-1. المسحوبات (8 ملفات),[مخرج آلي / Script Output - سماوي],[مخرج آلي يحتاج مراجعة بشرية - وردي]
30-01-1435,0,ملف المسحوبات (Excel),وكالة,ح-1. المسحوبات (8 ملفات),[مخرج آلي / Script Output - سماوي],[مخرج آلي يحتاج مراجعة بشرية - وردي]
05-02-1435,0,ملف المسحوبات (Excel),وكالة,ح-1. المسحوبات (8 ملفات),[مخرج آلي / Script Output - سماوي],[مخرج آلي يحتاج مراجعة بشرية - وردي]
19-02-1435,0,ملف المسحوبات (Excel),وكالة,ح-1. المسحوبات (8 ملفات),[مخرج آلي / Script Output - سماوي],[مخرج آلي يحتاج مراجعة بشرية - وردي]
21-02-1435,0,ملف المسحوبات (Excel),وكالة,ح-1. المسحوبات (8 ملفات),[مخرج آلي / Script Output - سماوي],[مخرج آلي يحتاج مراجعة بشرية - وردي]
29-02-1435,0,ملف المسحوبات (Excel),وكالة,ح-1. المسحوبات (8 ملفات),[مخرج آلي / Script Output - سماوي],[مخرج آلي يحتاج مراجعة بشرية - وردي]
06-03-1435,0,ملف المسحوبات (Excel),وكالة,ح-1. المسحوبات (8 ملفات),[مخرج آلي / Script Output - سماوي],[مخرج آلي يحتاج مراجعة بشرية - وردي]
03-09-1434,0,ملف المسحوبات (Excel),وكالة,ح-1. المسحوبات (8 ملفات),[مخرج آلي / Script Output - سماوي],[مخرج آلي يحتاج مراجعة بشرية - وردي]
03/05/1433,0,مزرعة الوادي 1433 (zip),تقرير خبرة,ح-2. المزرعة (7 ملفات),[مخرج آلي / Script Output - سماوي],[مخرج آلي يحتاج مراجعة بشرية - وردي]
3/1/1433,0,مزرعة الوادي 1433 (zip),تقرير خبرة,ح-2. المزرعة (7 ملفات),[مخرج آلي / Script Output - سماوي],[مخرج آلي يحتاج مراجعة بشرية - وردي]
1/2/1433,0,مزرعة الوادي 1433 (zip),تقرير خبرة,ح-2. المزرعة (7 ملفات),[مخرج آلي / Script Output - سماوي],[مخرج آلي يحتاج مراجعة بشرية - وردي]
1/3/1433,0,مزرعة الوادي 1433 (zip),تقرير خبرة,ح-2. المزرعة (7 ملفات),[مخرج آلي / Script Output - سماوي],[مخرج آلي يحتاج مراجعة بشرية - وردي]
25/2/1412,0,مزرعة الوادي 1433 (zip),تقرير خبرة,ح-2. المزرعة (7 ملفات),[مخرج آلي / Script Output - سماوي],[مخرج آلي يحتاج مراجعة بشرية - وردي]
14/03/1434,0,مزرعة الوادي 1434 (zip),تقرير خبرة,ح-2. المزرعة (7 ملفات),[مخرج آلي / Script Output - سماوي],[مخرج آلي يحتاج مراجعة بشرية - وردي]
22/02/1435,0,مزرعة الوادي 1435 (zip),تقرير خبرة,ح-2. المزرعة (7 ملفات),[مخرج آلي / Script Output - سماوي],[مخرج آلي يحتاج مراجعة بشرية - وردي]
13/01/1431,0,مصاريف مزرعة الشيخ أحمد زيني بالوادي (1).xlsx,مستند مالي,ح-2. المزرعة (7 ملفات),[مخرج آلي / Script Output - سماوي],[مخرج آلي يحتاج مراجعة بشرية - وردي]
11/02/1431,0,مصاريف مزرعة الشيخ أحمد زيني بالوادي (1).xlsx,مستند مالي,ح-2. المزرعة (7 ملفات),[مخرج آلي / Script Output - سماوي],[مخرج آلي يحتاج مراجعة بشرية - وردي]
18/04/1431,0,مصاريف مزرعة الشيخ أحمد زيني بالوادي (1).xlsx,مستند مالي,ح-2. المزرعة (7 ملفات),[مخرج آلي / Script Output - سماوي],[مخرج آلي يحتاج مراجعة بشرية - وردي]
29/04/1431,0,مصاريف مزرعة الشيخ أحمد زيني بالوادي (1).xlsx,مستند مالي,ح-2. المزرعة (7 ملفات),[مخرج آلي / Script Output - سماوي],[مخرج آلي يحتاج مراجعة بشرية - وردي]
25/05/1431,0,مصاريف مزرعة الشيخ أحمد زيني بالوادي (1).xlsx,مستند مالي,ح-2. المزرعة (7 ملفات),[مخرج آلي / Script Output - سماوي],[مخرج آلي يحتاج مراجعة بشرية - وردي]
25/06/1431,0,مصاريف مزرعة الشيخ أحمد زيني بالوادي (1).xlsx,مستند مالي,ح-2. المزرعة (7 ملفات),[مخرج آلي / Script Output - سماوي],[مخرج آلي يحتاج مراجعة بشرية - وردي]
17/07/1431,0,مصاريف مزرعة الشيخ أحمد زيني بالوادي (1).xlsx,مستند مالي,ح-2. المزرعة (7 ملفات),[مخرج آلي / Script Output - سماوي],[مخرج آلي يحتاج مراجعة بشرية - وردي]
13/08/1431,0,مصاريف مزرعة الشيخ أحمد زيني بالوادي (1).xlsx,مستند مالي,ح-2. المزرعة (7 ملفات),[مخرج آلي / Script Output - سماوي],[مخرج آلي يحتاج مراجعة بشرية - وردي]
05/11/1431,0,مصاريف مزرعة الشيخ أحمد زيني بالوادي (1).xlsx,مستند مالي,ح-2. المزرعة (7 ملفات),[مخرج آلي / Script Output - سماوي],[مخرج آلي يحتاج مراجعة بشرية - وردي]
16/11/1431,0,مصاريف مزرعة الشيخ أحمد زيني بالوادي (1).xlsx,مستند مالي,ح-2. المزرعة (7 ملفات),[مخرج آلي / Script Output - سماوي],[مخرج آلي يحتاج مراجعة بشرية - وردي]
29/12/1431,0,مصاريف مزرعة الشيخ أحمد زيني بالوادي (1).xlsx,مستند مالي,ح-2. المزرعة (7 ملفات),[مخرج آلي / Script Output - سماوي],[مخرج آلي يحتاج مراجعة بشرية - وردي]
20/01/1432,0,مصاريف مزرعة الشيخ أحمد زيني بالوادي (1).xlsx,مستند مالي,ح-2. المزرعة (7 ملفات),[مخرج آلي / Script Output - سماوي],[مخرج آلي يحتاج مراجعة بشرية - وردي]
13/03/1432,0,مصاريف مزرعة الشيخ أحمد زيني بالوادي (1).xlsx,مستند مالي,ح-2. المزرعة (7 ملفات),[مخرج آلي / Script Output - سماوي],[مخرج آلي يحتاج مراجعة بشرية - وردي]
19/03/1432,0,مصاريف مزرعة الشيخ أحمد زيني بالوادي (1).xlsx,مستند مالي,ح-2. المزرعة (7 ملفات),[مخرج آلي / Script Output - سماوي],[مخرج آلي يحتاج مراجعة بشرية - وردي]
15/04/1432,0,مصاريف مزرعة الشيخ أحمد زيني بالوادي (1).xlsx,مستند مالي,ح-2. المزرعة (7 ملفات),[مخرج آلي / Script Output - سماوي],[مخرج آلي يحتاج مراجعة بشرية - وردي]
20/05/1432,0,مصاريف مزرعة الشيخ أحمد زيني بالوادي (1).xlsx,مستند مالي,ح-2. المزرعة (7 ملفات),[مخرج آلي / Script Output - سماوي],[مخرج آلي يحتاج مراجعة بشرية - وردي]
19/06/1432,0,مصاريف مزرعة الشيخ أحمد زيني بالوادي (1).xlsx,مستند مالي,ح-2. المزرعة (7 ملفات),[مخرج آلي / Script Output - سماوي],[مخرج آلي يحتاج مراجعة بشرية - وردي]
20/07/1432,0,مصاريف مزرعة الشيخ أحمد زيني بالوادي (1).xlsx,مستند مالي,ح-2. المزرعة (7 ملفات),[مخرج آلي / Script Output - سماوي],[مخرج آلي يحتاج مراجعة بشرية - وردي]
22/08/1432,0,مصاريف مزرعة الشيخ أحمد زيني بالوادي (1).xlsx,مستند مالي,ح-2. المزرعة (7 ملفات),[مخرج آلي / Script Output - سماوي],[مخرج آلي يحتاج مراجعة بشرية - وردي]
14/10/1432,0,مصاريف مزرعة الشيخ أحمد زيني بالوادي (1).xlsx,مستند مالي,ح-2. المزرعة (7 ملفات),[مخرج آلي / Script Output - سماوي],[مخرج آلي يحتاج مراجعة بشرية - وردي]
01/11/1432,0,مصاريف مزرعة الشيخ أحمد زيني بالوادي (1).xlsx,مستند مالي,ح-2. المزرعة (7 ملفات),[مخرج آلي / Script Output - سماوي],[مخرج آلي يحتاج مراجعة بشرية - وردي]
22/11/1432,0,مصاريف مزرعة الشيخ أحمد زيني بالوادي (1).xlsx,مستند مالي,ح-2. المزرعة (7 ملفات),[مخرج آلي / Script Output - سماوي],[مخرج آلي يحتاج مراجعة بشرية - وردي]
27/12/1432,0,مصاريف مزرعة الشيخ أحمد زيني بالوادي (1).xlsx,مستند مالي,ح-2. المزرعة (7 ملفات),[مخرج آلي / Script Output - سماوي],[مخرج آلي يحتاج مراجعة بشرية - وردي]
07/02/1433,0,مصاريف مزرعة الشيخ أحمد زيني بالوادي (1).xlsx,مستند مالي,ح-2. المزرعة (7 ملفات),[مخرج آلي / Script Output - سماوي],[مخرج آلي يحتاج مراجعة بشرية - وردي]
07/03/1433,0,مصاريف مزرعة الشيخ أحمد زيني بالوادي (1).xlsx,مستند مالي,ح-2. المزرعة (7 ملفات),[مخرج آلي / Script Output - سماوي],[مخرج آلي يحتاج مراجعة بشرية - وردي]
28/03/1433,0,مصاريف مزرعة الشيخ أحمد زيني بالوادي (1).xlsx,مستند مالي,ح-2. المزرعة (7 ملفات),[مخرج آلي / Script Output - سماوي],[مخرج آلي يحتاج مراجعة بشرية - وردي]
27/04/1433,0,مصاريف مزرعة الشيخ أحمد زيني بالوادي (1).xlsx,مستند مالي,ح-2. المزرعة (7 ملفات),[مخرج آلي / Script Output - سماوي],[مخرج آلي يحتاج مراجعة بشرية - وردي]
19/05/1433,0,مصاريف مزرعة الشيخ أحمد زيني بالوادي (1).xlsx,مستند مالي,ح-2. المزرعة (7 ملفات),[مخرج آلي / Script Output - سماوي],[مخرج آلي يحتاج مراجعة بشرية - وردي]
07/07/1433,0,مصاريف مزرعة الشيخ أحمد زيني بالوادي (1).xlsx,مستند مالي,ح-2. المزرعة (7 ملفات),[مخرج آلي / Script Output - سماوي],[مخرج آلي يحتاج مراجعة بشرية - وردي]
06/08/1433,0,مصاريف مزرعة الشيخ أحمد زيني بالوادي (1).xlsx,مستند مالي,ح-2. المزرعة (7 ملفات),[مخرج آلي / Script Output - سماوي],[مخرج آلي يحتاج مراجعة بشرية - وردي]
07/09/1433,0,مصاريف مزرعة الشيخ أحمد زيني بالوادي (1).xlsx,مستند مالي,ح-2. المزرعة (7 ملفات),[مخرج آلي / Script Output - سماوي],[مخرج آلي يحتاج مراجعة بشرية - وردي]
19/10/1433,0,مصاريف مزرعة الشيخ أحمد زيني بالوادي (1).xlsx,مستند مالي,ح-2. المزرعة (7 ملفات),[مخرج آلي / Script Output - سماوي],[مخرج آلي يحتاج مراجعة بشرية - وردي]
29/11/1433,0,مصاريف مزرعة الشيخ أحمد زيني بالوادي (1).xlsx,مستند مالي,ح-2. المزرعة (7 ملفات),[مخرج آلي / Script Output - سماوي],[مخرج آلي يحتاج مراجعة بشرية - وردي]
21/12/1433,0,مصاريف مزرعة الشيخ أحمد زيني بالوادي (1).xlsx,مستند مالي,ح-2. المزرعة (7 ملفات),[مخرج آلي / Script Output - سماوي],[مخرج آلي يحتاج مراجعة بشرية - وردي]
22/02/1434,0,مصاريف مزرعة الشيخ أحمد زيني بالوادي (1).xlsx,مستند مالي,ح-2. المزرعة (7 ملفات),[مخرج آلي / Script Output - سماوي],[مخرج آلي يحتاج مراجعة بشرية - وردي]
04/03/1434,0,مصاريف مزرعة الشيخ أحمد زيني بالوادي (1).xlsx,مستند مالي,ح-2. المزرعة (7 ملفات),[مخرج آلي / Script Output - سماوي],[مخرج آلي يحتاج مراجعة بشرية - وردي]
15/04/1434,0,مصاريف مزرعة الشيخ أحمد زيني بالوادي (1).xlsx,مستند مالي,ح-2. المزرعة (7 ملفات),[مخرج آلي / Script Output - سماوي],[مخرج آلي يحتاج مراجعة بشرية - وردي]
12/05/1434,0,مصاريف مزرعة الشيخ أحمد زيني بالوادي (1).xlsx,مستند مالي,ح-2. المزرعة (7 ملفات),[مخرج آلي / Script Output - سماوي],[مخرج آلي يحتاج مراجعة بشرية - وردي]
10/06/1434,0,مصاريف مزرعة الشيخ أحمد زيني بالوادي (1).xlsx,مستند مالي,ح-2. المزرعة (7 ملفات),[مخرج آلي / Script Output - سماوي],[مخرج آلي يحتاج مراجعة بشرية - وردي]
15/08/1434,0,مصاريف مزرعة الشيخ أحمد زيني بالوادي (1).xlsx,مستند مالي,ح-2. المزرعة (7 ملفات),[مخرج آلي / Script Output - سماوي],[مخرج آلي يحتاج مراجعة بشرية - وردي]
12/10/1434,0,مصاريف مزرعة الشيخ أحمد زيني بالوادي (1).xlsx,مستند مالي,ح-2. المزرعة (7 ملفات),[مخرج آلي / Script Output - سماوي],[مخرج آلي يحتاج مراجعة بشرية - وردي]
5/02/1435,0,مصاريف مزرعة الشيخ أحمد زيني بالوادي (1).xlsx,مستند مالي,ح-2. المزرعة (7 ملفات),[مخرج آلي / Script Output - سماوي],[مخرج آلي يحتاج مراجعة بشرية - وردي]
03/05/1433,0,فلة الوادي 1433 (rar),تقرير خبرة,ح-3. فلة الوادي (5 ملفات),[مخرج آلي / Script Output - سماوي],[مخرج آلي يحتاج مراجعة بشرية - وردي]
15/05/1433,0,فلة الوادي 1433 (rar),تقرير خبرة,ح-3. فلة الوادي (5 ملفات),[مخرج آلي / Script Output - سماوي],[مخرج آلي يحتاج مراجعة بشرية - وردي]
3/6/1433,0,فلة الوادي 1433 (rar),تقرير خبرة,ح-3. فلة الوادي (5 ملفات),[مخرج آلي / Script Output - سماوي],[مخرج آلي يحتاج مراجعة بشرية - وردي]
3/1/1433,0,فلة الوادي 1433 (rar),تقرير خبرة,ح-3. فلة الوادي (5 ملفات),[مخرج آلي / Script Output - سماوي],[مخرج آلي يحتاج مراجعة بشرية - وردي]
26/11/1432,0,فلة الوادي 1433 (rar),تقرير خبرة,ح-3. فلة الوادي (5 ملفات),[مخرج آلي / Script Output - سماوي],[مخرج آلي يحتاج مراجعة بشرية - وردي]
15/1/1433,0,فلة الوادي 1433 (rar),تقرير خبرة,ح-3. فلة الوادي (5 ملفات),[مخرج آلي / Script Output - سماوي],[مخرج آلي يحتاج مراجعة بشرية - وردي]
1/2/1433,0,فلة الوادي 1433 (rar),تقرير خبرة,ح-3. فلة الوادي (5 ملفات),[مخرج آلي / Script Output - سماوي],[مخرج آلي يحتاج مراجعة بشرية - وردي]
4/4/1433,0,فلة الوادي 1433 (rar),تقرير خبرة,ح-3. فلة الوادي (5 ملفات),[مخرج آلي / Script Output - سماوي],[مخرج آلي يحتاج مراجعة بشرية - وردي]
05-11-1431,0,excelمصاريف فيلا الشيخ أحمد زيني بالوادي.xlsx,مستند مالي,ح-3. فلة الوادي (5 ملفات),[مخرج آلي / Script Output - سماوي],[مخرج آلي يحتاج مراجعة بشرية - وردي]
16-11-1431,0,excelمصاريف فيلا الشيخ أحمد زيني بالوادي.xlsx,مستند مالي,ح-3. فلة الوادي (5 ملفات),[مخرج آلي / Script Output - سماوي],[مخرج آلي يحتاج مراجعة بشرية - وردي]
29-12-1431,0,excelمصاريف فيلا الشيخ أحمد زيني بالوادي.xlsx,مستند مالي,ح-3. فلة الوادي (5 ملفات),[مخرج آلي / Script Output - سماوي],[مخرج آلي يحتاج مراجعة بشرية - وردي]
20-01-1432,0,excelمصاريف فيلا الشيخ أحمد زيني بالوادي.xlsx,مستند مالي,ح-3. فلة الوادي (5 ملفات),[مخرج آلي / Script Output - سماوي],[مخرج آلي يحتاج مراجعة بشرية - وردي]
13-03-1432,0,excelمصاريف فيلا الشيخ أحمد زيني بالوادي.xlsx,مستند مالي,ح-3. فلة الوادي (5 ملفات),[مخرج آلي / Script Output - سماوي],[مخرج آلي يحتاج مراجعة بشرية - وردي]
19-03-1432,0,excelمصاريف فيلا الشيخ أحمد زيني بالوادي.xlsx,مستند مالي,ح-3. فلة الوادي (5 ملفات),[مخرج آلي / Script Output - سماوي],[مخرج آلي يحتاج مراجعة بشرية - وردي]
15-04-1432,0,excelمصاريف فيلا الشيخ أحمد زيني بالوادي.xlsx,مستند مالي,ح-3. فلة الوادي (5 ملفات),[مخرج آلي / Script Output - سماوي],[مخرج آلي يحتاج مراجعة بشرية - وردي]
20-05-1432,0,excelمصاريف فيلا الشيخ أحمد زيني بالوادي.xlsx,مستند مالي,ح-3. فلة الوادي (5 ملفات),[مخرج آلي / Script Output - سماوي],[مخرج آلي يحتاج مراجعة بشرية - وردي]
19-06-1432,0,excelمصاريف فيلا الشيخ أحمد زيني بالوادي.xlsx,مستند مالي,ح-3. فلة الوادي (5 ملفات),[مخرج آلي / Script Output - سماوي],[مخرج آلي يحتاج مراجعة بشرية - وردي]
20-07-1432,0,excelمصاريف فيلا الشيخ أحمد زيني بالوادي.xlsx,مستند مالي,ح-3. فلة الوادي (5 ملفات),[مخرج آلي / Script Output - سماوي],[مخرج آلي يحتاج مراجعة بشرية - وردي]
22-08-1432,0,excelمصاريف فيلا الشيخ أحمد زيني بالوادي.xlsx,مستند مالي,ح-3. فلة الوادي (5 ملفات),[مخرج آلي / Script Output - سماوي],[مخرج آلي يحتاج مراجعة بشرية - وردي]
14-10-1432,0,excelمصاريف فيلا الشيخ أحمد زيني بالوادي.xlsx,مستند مالي,ح-3. فلة الوادي (5 ملفات),[مخرج آلي / Script Output - سماوي],[مخرج آلي يحتاج مراجعة بشرية - وردي]
01-11-1432,0,excelمصاريف فيلا الشيخ أحمد زيني بالوادي.xlsx,مستند مالي,ح-3. فلة الوادي (5 ملفات),[مخرج آلي / Script Output - سماوي],[مخرج آلي يحتاج مراجعة بشرية - وردي]
22-11-1432,0,excelمصاريف فيلا الشيخ أحمد زيني بالوادي.xlsx,مستند مالي,ح-3. فلة الوادي (5 ملفات),[مخرج آلي / Script Output - سماوي],[مخرج آلي يحتاج مراجعة بشرية - وردي]
27-12-1432,0,excelمصاريف فيلا الشيخ أحمد زيني بالوادي.xlsx,مستند مالي,ح-3. فلة الوادي (5 ملفات),[مخرج آلي / Script Output - سماوي],[مخرج آلي يحتاج مراجعة بشرية - وردي]
07-02-1433,0,excelمصاريف فيلا الشيخ أحمد زيني بالوادي.xlsx,مستند مالي,ح-3. فلة الوادي (5 ملفات),[مخرج آلي / Script Output - سماوي],[مخرج آلي يحتاج مراجعة بشرية - وردي]
07-03-1433,0,excelمصاريف فيلا الشيخ أحمد زيني بالوادي.xlsx,مستند مالي,ح-3. فلة الوادي (5 ملفات),[مخرج آلي / Script Output - سماوي],[مخرج آلي يحتاج مراجعة بشرية - وردي]
28-03-1433,0,excelمصاريف فيلا الشيخ أحمد زيني بالوادي.xlsx,مستند مالي,ح-3. فلة الوادي (5 ملفات),[مخرج آلي / Script Output - سماوي],[مخرج آلي يحتاج مراجعة بشرية - وردي]
27-04-1433,0,excelمصاريف فيلا الشيخ أحمد زيني بالوادي.xlsx,مستند مالي,ح-3. فلة الوادي (5 ملفات),[مخرج آلي / Script Output - سماوي],[مخرج آلي يحتاج مراجعة بشرية - وردي]
19-05-1433,0,excelمصاريف فيلا الشيخ أحمد زيني بالوادي.xlsx,مستند مالي,ح-3. فلة الوادي (5 ملفات),[مخرج آلي / Script Output - سماوي],[مخرج آلي يحتاج مراجعة بشرية - وردي]
07-07-1433,0,excelمصاريف فيلا الشيخ أحمد زيني بالوادي.xlsx,مستند مالي,ح-3. فلة الوادي (5 ملفات),[مخرج آلي / Script Output - سماوي],[مخرج آلي يحتاج مراجعة بشرية - وردي]
06-08-1433,0,excelمصاريف فيلا الشيخ أحمد زيني بالوادي.xlsx,مستند مالي,ح-3. فلة الوادي (5 ملفات),[مخرج آلي / Script Output - سماوي],[مخرج آلي يحتاج مراجعة بشرية - وردي]
07-09-1433,0,excelمصاريف فيلا الشيخ أحمد زيني بالوادي.xlsx,مستند مالي,ح-3. فلة الوادي (5 ملفات),[مخرج آلي / Script Output - سماوي],[مخرج آلي يحتاج مراجعة بشرية - وردي]
19-10-1433,0,excelمصاريف فيلا الشيخ أحمد زيني بالوادي.xlsx,مستند مالي,ح-3. فلة الوادي (5 ملفات),[مخرج آلي / Script Output - سماوي],[مخرج آلي يحتاج مراجعة بشرية - وردي]
29-11-1433,0,excelمصاريف فيلا الشيخ أحمد زيني بالوادي.xlsx,مستند مالي,ح-3. فلة الوادي (5 ملفات),[مخرج آلي / Script Output - سماوي],[مخرج آلي يحتاج مراجعة بشرية - وردي]
21-12-1433,0,excelمصاريف فيلا الشيخ أحمد زيني بالوادي.xlsx,مستند مالي,ح-3. فلة الوادي (5 ملفات),[مخرج آلي / Script Output - سماوي],[مخرج آلي يحتاج مراجعة بشرية - وردي]
26/7/1434,0,الشكوى ومرفقاتها,شكوى,ط. الشكوى الأولى لوزير العدل رقم 230747621 ـ 30-04-1445 (4 ملفات),[مخرج آلي / Script Output - سماوي],[مخرج آلي يحتاج مراجعة بشرية - وردي]
18/11/1393,0,الشكوى ومرفقاتها,شكوى,ط. الشكوى الأولى لوزير العدل رقم 230747621 ـ 30-04-1445 (4 ملفات),[مخرج آلي / Script Output - سماوي],[مخرج آلي يحتاج مراجعة بشرية - وردي]
21/04/1438,0,الشكوى ومرفقاتها,شكوى,ط. الشكوى الأولى لوزير العدل رقم 230747621 ـ 30-04-1445 (4 ملفات),[مخرج آلي / Script Output - سماوي],[مخرج آلي يحتاج مراجعة بشرية - وردي]
20/09/1431,0,الشكوى ومرفقاتها,شكوى,ط. الشكوى الأولى لوزير العدل رقم 230747621 ـ 30-04-1445 (4 ملفات),[مخرج آلي / Script Output - سماوي],[مخرج آلي يحتاج مراجعة بشرية - وردي]
1/1/1445,0,الشكوى ومرفقاتها,شكوى,ط. الشكوى الأولى لوزير العدل رقم 230747621 ـ 30-04-1445 (4 ملفات),[مخرج آلي / Script Output - سماوي],[مخرج آلي يحتاج مراجعة بشرية - وردي]
12/05/1438,0,الشكوى ومرفقاتها,شكوى,ط. الشكوى الأولى لوزير العدل رقم 230747621 ـ 30-04-1445 (4 ملفات),[مخرج آلي / Script Output - سماوي],[مخرج آلي يحتاج مراجعة بشرية - وردي]
12/5/1438,0,الشكوى ومرفقاتها,شكوى,ط. الشكوى الأولى لوزير العدل رقم 230747621 ـ 30-04-1445 (4 ملفات),[مخرج آلي / Script Output - سماوي],[مخرج آلي يحتاج مراجعة بشرية - وردي]
25/07/1432,0,الشكوى ومرفقاتها,شكوى,ط. الشكوى الأولى لوزير العدل رقم 230747621 ـ 30-04-1445 (4 ملفات),[مخرج آلي / Script Output - سماوي],[مخرج آلي يحتاج مراجعة بشرية - وردي]
4/3/1432,0,الشكوى ومرفقاتها,شكوى,ط. الشكوى الأولى لوزير العدل رقم 230747621 ـ 30-04-1445 (4 ملفات),[مخرج آلي / Script Output - سماوي],[مخرج آلي يحتاج مراجعة بشرية - وردي]
8/6/1433,0,الشكوى ومرفقاتها,شكوى,ط. الشكوى الأولى لوزير العدل رقم 230747621 ـ 30-04-1445 (4 ملفات),[مخرج آلي / Script Output - سماوي],[مخرج آلي يحتاج مراجعة بشرية - وردي]
2/12/1432,0,الشكوى ومرفقاتها,شكوى,ط. الشكوى الأولى لوزير العدل رقم 230747621 ـ 30-04-1445 (4 ملفات),[مخرج آلي / Script Output - سماوي],[مخرج آلي يحتاج مراجعة بشرية - وردي]
02/04/1444,0,الشكوى ومرفقاتها,شكوى,ط. الشكوى الأولى لوزير العدل رقم 230747621 ـ 30-04-1445 (4 ملفات),[مخرج آلي / Script Output - سماوي],[مخرج آلي يحتاج مراجعة بشرية - وردي]
10/11/1444,0,الشكوى ومرفقاتها,شكوى,ط. الشكوى الأولى لوزير العدل رقم 230747621 ـ 30-04-1445 (4 ملفات),[مخرج آلي / Script Output - سماوي],[مخرج آلي يحتاج مراجعة بشرية - وردي]
01/08/1444,0,الشكوى ومرفقاتها,شكوى,ط. الشكوى الأولى لوزير العدل رقم 230747621 ـ 30-04-1445 (4 ملفات),[مخرج آلي / Script Output - سماوي],[مخرج آلي يحتاج مراجعة بشرية - وردي]
22/10/1444,0,الشكوى ومرفقاتها,شكوى,ط. الشكوى الأولى لوزير العدل رقم 230747621 ـ 30-04-1445 (4 ملفات),[مخرج آلي / Script Output - سماوي],[مخرج آلي يحتاج مراجعة بشرية - وردي]
16/10/1431,0,الشكوى ومرفقاتها,شكوى,ط. الشكوى الأولى لوزير العدل رقم 230747621 ـ 30-04-1445 (4 ملفات),[مخرج آلي / Script Output - سماوي],[مخرج آلي يحتاج مراجعة بشرية - وردي]
1/12/1442,0,الشكوى ومرفقاتها,شكوى,ط. الشكوى الأولى لوزير العدل رقم 230747621 ـ 30-04-1445 (4 ملفات),[مخرج آلي / Script Output - سماوي],[مخرج آلي يحتاج مراجعة بشرية - وردي]
11/4/1437,0,الشكوى ومرفقاتها,شكوى,ط. الشكوى الأولى لوزير العدل رقم 230747621 ـ 30-04-1445 (4 ملفات),[مخرج آلي / Script Output - سماوي],[مخرج آلي يحتاج مراجعة بشرية - وردي]
09/11/1443,0,الشكوى ومرفقاتها,شكوى,ط. الشكوى الأولى لوزير العدل رقم 230747621 ـ 30-04-1445 (4 ملفات),[مخرج آلي / Script Output - سماوي],[مخرج آلي يحتاج مراجعة بشرية - وردي]
26/11/1431,0,الشكوى ومرفقاتها,شكوى,ط. الشكوى الأولى لوزير العدل رقم 230747621 ـ 30-04-1445 (4 ملفات),[مخرج آلي / Script Output - سماوي],[مخرج آلي يحتاج مراجعة بشرية - وردي]
21/11/1433,0,الشكوى ومرفقاتها,شكوى,ط. الشكوى الأولى لوزير العدل رقم 230747621 ـ 30-04-1445 (4 ملفات),[مخرج آلي / Script Output - سماوي],[مخرج آلي يحتاج مراجعة بشرية - وردي]
10/2/1434,0,الشكوى ومرفقاتها,شكوى,ط. الشكوى الأولى لوزير العدل رقم 230747621 ـ 30-04-1445 (4 ملفات),[مخرج آلي / Script Output - سماوي],[مخرج آلي يحتاج مراجعة بشرية - وردي]
11/11/1444,0,الشكوى ومرفقاتها,شكوى,ط. الشكوى الأولى لوزير العدل رقم 230747621 ـ 30-04-1445 (4 ملفات),[مخرج آلي / Script Output - سماوي],[مخرج آلي يحتاج مراجعة بشرية - وردي]
02/12/1432,0,الشكوى ومرفقاتها,شكوى,ط. الشكوى الأولى لوزير العدل رقم 230747621 ـ 30-04-1445 (4 ملفات),[مخرج آلي / Script Output - سماوي],[مخرج آلي يحتاج مراجعة بشرية - وردي]
10/ 2/ 1438,0,الشكوى ومرفقاتها,شكوى,ط. الشكوى الأولى لوزير العدل رقم 230747621 ـ 30-04-1445 (4 ملفات),[مخرج آلي / Script Output - سماوي],[مخرج آلي يحتاج مراجعة بشرية - وردي]
1/ 12/ 1442,0,الشكوى ومرفقاتها,شكوى,ط. الشكوى الأولى لوزير العدل رقم 230747621 ـ 30-04-1445 (4 ملفات),[مخرج آلي / Script Output - سماوي],[مخرج آلي يحتاج مراجعة بشرية - وردي]
14/ 10/ 1427,0,الشكوى ومرفقاتها,شكوى,ط. الشكوى الأولى لوزير العدل رقم 230747621 ـ 30-04-1445 (4 ملفات),[مخرج آلي / Script Output - سماوي],[مخرج آلي يحتاج مراجعة بشرية - وردي]
6/ 11/ 1429,0,الشكوى ومرفقاتها,شكوى,ط. الشكوى الأولى لوزير العدل رقم 230747621 ـ 30-04-1445 (4 ملفات),[مخرج آلي / Script Output - سماوي],[مخرج آلي يحتاج مراجعة بشرية - وردي]
14/ 3/ 1428,0,الشكوى ومرفقاتها,شكوى,ط. الشكوى الأولى لوزير العدل رقم 230747621 ـ 30-04-1445 (4 ملفات),[مخرج آلي / Script Output - سماوي],[مخرج آلي يحتاج مراجعة بشرية - وردي]
20/ 09/ 1431,0,الشكوى ومرفقاتها,شكوى,ط. الشكوى الأولى لوزير العدل رقم 230747621 ـ 30-04-1445 (4 ملفات),[مخرج آلي / Script Output - سماوي],[مخرج آلي يحتاج مراجعة بشرية - وردي]
3/ 12/ 1429,0,الشكوى ومرفقاتها,شكوى,ط. الشكوى الأولى لوزير العدل رقم 230747621 ـ 30-04-1445 (4 ملفات),[مخرج آلي / Script Output - سماوي],[مخرج آلي يحتاج مراجعة بشرية - وردي]
10/ 2/ 1434,0,الشكوى ومرفقاتها,شكوى,ط. الشكوى الأولى لوزير العدل رقم 230747621 ـ 30-04-1445 (4 ملفات),[مخرج آلي / Script Output - سماوي],[مخرج آلي يحتاج مراجعة بشرية - وردي]
2/ 12/ 1432,0,الشكوى ومرفقاتها,شكوى,ط. الشكوى الأولى لوزير العدل رقم 230747621 ـ 30-04-1445 (4 ملفات),[مخرج آلي / Script Output - سماوي],[مخرج آلي يحتاج مراجعة بشرية - وردي]
06/ 11/ 1442,0,الشكوى ومرفقاتها,شكوى,ط. الشكوى الأولى لوزير العدل رقم 230747621 ـ 30-04-1445 (4 ملفات),[مخرج آلي / Script Output - سماوي],[مخرج آلي يحتاج مراجعة بشرية - وردي]
01/ 09/ 1442,0,الشكوى ومرفقاتها,شكوى,ط. الشكوى الأولى لوزير العدل رقم 230747621 ـ 30-04-1445 (4 ملفات),[مخرج آلي / Script Output - سماوي],[مخرج آلي يحتاج مراجعة بشرية - وردي]
25/ 2/ 1445,0,الشكوى ومرفقاتها,شكوى,ط. الشكوى الأولى لوزير العدل رقم 230747621 ـ 30-04-1445 (4 ملفات),[مخرج آلي / Script Output - سماوي],[مخرج آلي يحتاج مراجعة بشرية - وردي]
20/ 9/ 1431,0,الشكوى ومرفقاتها,شكوى,ط. الشكوى الأولى لوزير العدل رقم 230747621 ـ 30-04-1445 (4 ملفات),[مخرج آلي / Script Output - سماوي],[مخرج آلي يحتاج مراجعة بشرية - وردي]
16/ 10/ 1431,0,الشكوى ومرفقاتها,شكوى,ط. الشكوى الأولى لوزير العدل رقم 230747621 ـ 30-04-1445 (4 ملفات),[مخرج آلي / Script Output - سماوي],[مخرج آلي يحتاج مراجعة بشرية - وردي]
3/ 11/ 1431,0,الشكوى ومرفقاتها,شكوى,ط. الشكوى الأولى لوزير العدل رقم 230747621 ـ 30-04-1445 (4 ملفات),[مخرج آلي / Script Output - سماوي],[مخرج آلي يحتاج مراجعة بشرية - وردي]
18/ 2/ 1432,0,الشكوى ومرفقاتها,شكوى,ط. الشكوى الأولى لوزير العدل رقم 230747621 ـ 30-04-1445 (4 ملفات),[مخرج آلي / Script Output - سماوي],[مخرج آلي يحتاج مراجعة بشرية - وردي]
8/ 6/ 1432,0,الشكوى ومرفقاتها,شكوى,ط. الشكوى الأولى لوزير العدل رقم 230747621 ـ 30-04-1445 (4 ملفات),[مخرج آلي / Script Output - سماوي],[مخرج آلي يحتاج مراجعة بشرية - وردي]
17/ 4/ 1433,0,الشكوى ومرفقاتها,شكوى,ط. الشكوى الأولى لوزير العدل رقم 230747621 ـ 30-04-1445 (4 ملفات),[مخرج آلي / Script Output - سماوي],[مخرج آلي يحتاج مراجعة بشرية - وردي]
4/ 8/ 1432,0,الشكوى ومرفقاتها,شكوى,ط. الشكوى الأولى لوزير العدل رقم 230747621 ـ 30-04-1445 (4 ملفات),[مخرج آلي / Script Output - سماوي],[مخرج آلي يحتاج مراجعة بشرية - وردي]
12/ 3/ 1433,0,الشكوى ومرفقاتها,شكوى,ط. الشكوى الأولى لوزير العدل رقم 230747621 ـ 30-04-1445 (4 ملفات),[مخرج آلي / Script Output - سماوي],[مخرج آلي يحتاج مراجعة بشرية - وردي]
8/ 6/ 1433,0,الشكوى ومرفقاتها,شكوى,ط. الشكوى الأولى لوزير العدل رقم 230747621 ـ 30-04-1445 (4 ملفات),[مخرج آلي / Script Output - سماوي],[مخرج آلي يحتاج مراجعة بشرية - وردي]
6/ 2/ 1434,0,الشكوى ومرفقاتها,شكوى,ط. الشكوى الأولى لوزير العدل رقم 230747621 ـ 30-04-1445 (4 ملفات),[مخرج آلي / Script Output - سماوي],[مخرج آلي يحتاج مراجعة بشرية - وردي]
26/ 7/ 1434,0,الشكوى ومرفقاتها,شكوى,ط. الشكوى الأولى لوزير العدل رقم 230747621 ـ 30-04-1445 (4 ملفات),[مخرج آلي / Script Output - سماوي],[مخرج آلي يحتاج مراجعة بشرية - وردي]
18/ 6/ 1432,0,الشكوى ومرفقاتها,شكوى,ط. الشكوى الأولى لوزير العدل رقم 230747621 ـ 30-04-1445 (4 ملفات),[مخرج آلي / Script Output - سماوي],[مخرج آلي يحتاج مراجعة بشرية - وردي]
4/ 3/ 1432,0,الشكوى ومرفقاتها,شكوى,ط. الشكوى الأولى لوزير العدل رقم 230747621 ـ 30-04-1445 (4 ملفات),[مخرج آلي / Script Output - سماوي],[مخرج آلي يحتاج مراجعة بشرية - وردي]
12/ 4/ 1438,0,الشكوى ومرفقاتها,شكوى,ط. الشكوى الأولى لوزير العدل رقم 230747621 ـ 30-04-1445 (4 ملفات),[مخرج آلي / Script Output - سماوي],[مخرج آلي يحتاج مراجعة بشرية - وردي]
28/ 6/ 1442,0,الشكوى ومرفقاتها,شكوى,ط. الشكوى الأولى لوزير العدل رقم 230747621 ـ 30-04-1445 (4 ملفات),[مخرج آلي / Script Output - سماوي],[مخرج آلي يحتاج مراجعة بشرية - وردي]
12/ 2/ 1432,0,الشكوى ومرفقاتها,شكوى,ط. الشكوى الأولى لوزير العدل رقم 230747621 ـ 30-04-1445 (4 ملفات),[مخرج آلي / Script Output - سماوي],[مخرج آلي يحتاج مراجعة بشرية - وردي]
26/06/1444,0,الشكوى ومرفقاتها,شكوى,ط. الشكوى الأولى لوزير العدل رقم 230747621 ـ 30-04-1445 (4 ملفات),[مخرج آلي / Script Output - سماوي],[مخرج آلي يحتاج مراجعة بشرية - وردي]
16/11/1444,0,الشكوى ومرفقاتها,شكوى,ط. الشكوى الأولى لوزير العدل رقم 230747621 ـ 30-04-1445 (4 ملفات),[مخرج آلي / Script Output - سماوي],[مخرج آلي يحتاج مراجعة بشرية - وردي]
9/11/1443,0,الشكوى ومرفقاتها,شكوى,ط. الشكوى الأولى لوزير العدل رقم 230747621 ـ 30-04-1445 (4 ملفات),[مخرج آلي / Script Output - سماوي],[مخرج آلي يحتاج مراجعة بشرية - وردي]
16/03/1445,0,الشكوى ومرفقاتها,شكوى,ط. الشكوى الأولى لوزير العدل رقم 230747621 ـ 30-04-1445 (4 ملفات),[مخرج آلي / Script Output - سماوي],[مخرج آلي يحتاج مراجعة بشرية - وردي]
08/04/1445,0,الشكوى ومرفقاتها,شكوى,ط. الشكوى الأولى لوزير العدل رقم 230747621 ـ 30-04-1445 (4 ملفات),[مخرج آلي / Script Output - سماوي],[مخرج آلي يحتاج مراجعة بشرية - وردي]
10/ 2 / 1434,0,الشكوى ومرفقاتها,شكوى,ط. الشكوى الأولى لوزير العدل رقم 230747621 ـ 30-04-1445 (4 ملفات),[مخرج آلي / Script Output - سماوي],[مخرج آلي يحتاج مراجعة بشرية - وردي]
4/4 / 1430,0,الشكوى ومرفقاتها,شكوى,ط. الشكوى الأولى لوزير العدل رقم 230747621 ـ 30-04-1445 (4 ملفات),[مخرج آلي / Script Output - سماوي],[مخرج آلي يحتاج مراجعة بشرية - وردي]
1 / 2 / 1434,0,الشكوى ومرفقاتها,شكوى,ط. الشكوى الأولى لوزير العدل رقم 230747621 ـ 30-04-1445 (4 ملفات),[مخرج آلي / Script Output - سماوي],[مخرج آلي يحتاج مراجعة بشرية - وردي]
20 / 3 / 1445,0,التماس على الحكم النهائي ـ نسخة,حكم / صك,ي. مرفقات خطاب شكوى وزير العدل الأولى والثانية (21 ملفاً),[مخرج آلي / Script Output - سماوي],[مخرج آلي يحتاج مراجعة بشرية - وردي]
26/11/1431,0,التماس على الحكم النهائي ـ نسخة,حكم / صك,ي. مرفقات خطاب شكوى وزير العدل الأولى والثانية (21 ملفاً),[مخرج آلي / Script Output - سماوي],[مخرج آلي يحتاج مراجعة بشرية - وردي]
29/02/1435,0,التماس على الحكم النهائي ـ نسخة,حكم / صك,ي. مرفقات خطاب شكوى وزير العدل الأولى والثانية (21 ملفاً),[مخرج آلي / Script Output - سماوي],[مخرج آلي يحتاج مراجعة بشرية - وردي]
20 / 3 / 1445,0,التماس على الحكم النهائي ـ نسخة ثانية,حكم / صك,ي. مرفقات خطاب شكوى وزير العدل الأولى والثانية (21 ملفاً),[مخرج آلي / Script Output - سماوي],[مخرج آلي يحتاج مراجعة بشرية - وردي]
26/11/1431,0,التماس على الحكم النهائي ـ نسخة ثانية,حكم / صك,ي. مرفقات خطاب شكوى وزير العدل الأولى والثانية (21 ملفاً),[مخرج آلي / Script Output - سماوي],[مخرج آلي يحتاج مراجعة بشرية - وردي]
29/02/1435,0,التماس على الحكم النهائي ـ نسخة ثانية,حكم / صك,ي. مرفقات خطاب شكوى وزير العدل الأولى والثانية (21 ملفاً),[مخرج آلي / Script Output - سماوي],[مخرج آلي يحتاج مراجعة بشرية - وردي]
08/04/1445,0,أمر تنفيذ عاتقة ـ نسخة,إخطار مطالبة,ي. مرفقات خطاب شكوى وزير العدل الأولى والثانية (21 ملفاً),[مخرج آلي / Script Output - سماوي],[مخرج آلي يحتاج مراجعة بشرية - وردي]
16/03/1445,0,أمر تنفيذ عدنان ـ نسخة,إخطار مطالبة,ي. مرفقات خطاب شكوى وزير العدل الأولى والثانية (21 ملفاً),[مخرج آلي / Script Output - سماوي],[مخرج آلي يحتاج مراجعة بشرية - وردي]
26/7/1434,0,شكوى أسامة أحمد زيني ـ دعوى رقم 42824717 ـ 30-04-1445 ـ حجم اقل.pdf,شكوى,ي. مرفقات خطاب شكوى وزير العدل الأولى والثانية (21 ملفاً),[مخرج آلي / Script Output - سماوي],[مخرج آلي يحتاج مراجعة بشرية - وردي]
18/11/1393,0,شكوى أسامة أحمد زيني ـ دعوى رقم 42824717 ـ 30-04-1445 ـ حجم اقل.pdf,شكوى,ي. مرفقات خطاب شكوى وزير العدل الأولى والثانية (21 ملفاً),[مخرج آلي / Script Output - سماوي],[مخرج آلي يحتاج مراجعة بشرية - وردي]
21/04/1438,0,شكوى أسامة أحمد زيني ـ دعوى رقم 42824717 ـ 30-04-1445 ـ حجم اقل.pdf,شكوى,ي. مرفقات خطاب شكوى وزير العدل الأولى والثانية (21 ملفاً),[مخرج آلي / Script Output - سماوي],[مخرج آلي يحتاج مراجعة بشرية - وردي]
20/09/1431,0,شكوى أسامة أحمد زيني ـ دعوى رقم 42824717 ـ 30-04-1445 ـ حجم اقل.pdf,شكوى,ي. مرفقات خطاب شكوى وزير العدل الأولى والثانية (21 ملفاً),[مخرج آلي / Script Output - سماوي],[مخرج آلي يحتاج مراجعة بشرية - وردي]
1/1/1445,0,شكوى أسامة أحمد زيني ـ دعوى رقم 42824717 ـ 30-04-1445 ـ حجم اقل.pdf,شكوى,ي. مرفقات خطاب شكوى وزير العدل الأولى والثانية (21 ملفاً),[مخرج آلي / Script Output - سماوي],[مخرج آلي يحتاج مراجعة بشرية - وردي]
12/05/1438,0,شكوى أسامة أحمد زيني ـ دعوى رقم 42824717 ـ 30-04-1445 ـ حجم اقل.pdf,شكوى,ي. مرفقات خطاب شكوى وزير العدل الأولى والثانية (21 ملفاً),[مخرج آلي / Script Output - سماوي],[مخرج آلي يحتاج مراجعة بشرية - وردي]
12/5/1438,0,شكوى أسامة أحمد زيني ـ دعوى رقم 42824717 ـ 30-04-1445 ـ حجم اقل.pdf,شكوى,ي. مرفقات خطاب شكوى وزير العدل الأولى والثانية (21 ملفاً),[مخرج آلي / Script Output - سماوي],[مخرج آلي يحتاج مراجعة بشرية - وردي]
25/07/1432,0,شكوى أسامة أحمد زيني ـ دعوى رقم 42824717 ـ 30-04-1445 ـ حجم اقل.pdf,شكوى,ي. مرفقات خطاب شكوى وزير العدل الأولى والثانية (21 ملفاً),[مخرج آلي / Script Output - سماوي],[مخرج آلي يحتاج مراجعة بشرية - وردي]
4/3/1432,0,شكوى أسامة أحمد زيني ـ دعوى رقم 42824717 ـ 30-04-1445 ـ حجم اقل.pdf,شكوى,ي. مرفقات خطاب شكوى وزير العدل الأولى والثانية (21 ملفاً),[مخرج آلي / Script Output - سماوي],[مخرج آلي يحتاج مراجعة بشرية - وردي]
8/6/1433,0,شكوى أسامة أحمد زيني ـ دعوى رقم 42824717 ـ 30-04-1445 ـ حجم اقل.pdf,شكوى,ي. مرفقات خطاب شكوى وزير العدل الأولى والثانية (21 ملفاً),[مخرج آلي / Script Output - سماوي],[مخرج آلي يحتاج مراجعة بشرية - وردي]
2/12/1432,0,شكوى أسامة أحمد زيني ـ دعوى رقم 42824717 ـ 30-04-1445 ـ حجم اقل.pdf,شكوى,ي. مرفقات خطاب شكوى وزير العدل الأولى والثانية (21 ملفاً),[مخرج آلي / Script Output - سماوي],[مخرج آلي يحتاج مراجعة بشرية - وردي]
02/04/1444,0,شكوى أسامة أحمد زيني ـ دعوى رقم 42824717 ـ 30-04-1445 ـ حجم اقل.pdf,شكوى,ي. مرفقات خطاب شكوى وزير العدل الأولى والثانية (21 ملفاً),[مخرج آلي / Script Output - سماوي],[مخرج آلي يحتاج مراجعة بشرية - وردي]
10/11/1444,0,شكوى أسامة أحمد زيني ـ دعوى رقم 42824717 ـ 30-04-1445 ـ حجم اقل.pdf,شكوى,ي. مرفقات خطاب شكوى وزير العدل الأولى والثانية (21 ملفاً),[مخرج آلي / Script Output - سماوي],[مخرج آلي يحتاج مراجعة بشرية - وردي]
01/08/1444,0,شكوى أسامة أحمد زيني ـ دعوى رقم 42824717 ـ 30-04-1445 ـ حجم اقل.pdf,شكوى,ي. مرفقات خطاب شكوى وزير العدل الأولى والثانية (21 ملفاً),[مخرج آلي / Script Output - سماوي],[مخرج آلي يحتاج مراجعة بشرية - وردي]
22/10/1444,0,شكوى أسامة أحمد زيني ـ دعوى رقم 42824717 ـ 30-04-1445 ـ حجم اقل.pdf,شكوى,ي. مرفقات خطاب شكوى وزير العدل الأولى والثانية (21 ملفاً),[مخرج آلي / Script Output - سماوي],[مخرج آلي يحتاج مراجعة بشرية - وردي]
16/10/1431,0,شكوى أسامة أحمد زيني ـ دعوى رقم 42824717 ـ 30-04-1445 ـ حجم اقل.pdf,شكوى,ي. مرفقات خطاب شكوى وزير العدل الأولى والثانية (21 ملفاً),[مخرج آلي / Script Output - سماوي],[مخرج آلي يحتاج مراجعة بشرية - وردي]
1/12/1442,0,شكوى أسامة أحمد زيني ـ دعوى رقم 42824717 ـ 30-04-1445 ـ حجم اقل.pdf,شكوى,ي. مرفقات خطاب شكوى وزير العدل الأولى والثانية (21 ملفاً),[مخرج آلي / Script Output - سماوي],[مخرج آلي يحتاج مراجعة بشرية - وردي]
11/4/1437,0,شكوى أسامة أحمد زيني ـ دعوى رقم 42824717 ـ 30-04-1445 ـ حجم اقل.pdf,شكوى,ي. مرفقات خطاب شكوى وزير العدل الأولى والثانية (21 ملفاً),[مخرج آلي / Script Output - سماوي],[مخرج آلي يحتاج مراجعة بشرية - وردي]
09/11/1443,0,شكوى أسامة أحمد زيني ـ دعوى رقم 42824717 ـ 30-04-1445 ـ حجم اقل.pdf,شكوى,ي. مرفقات خطاب شكوى وزير العدل الأولى والثانية (21 ملفاً),[مخرج آلي / Script Output - سماوي],[مخرج آلي يحتاج مراجعة بشرية - وردي]
26/11/1431,0,شكوى أسامة أحمد زيني ـ دعوى رقم 42824717 ـ 30-04-1445 ـ حجم اقل.pdf,شكوى,ي. مرفقات خطاب شكوى وزير العدل الأولى والثانية (21 ملفاً),[مخرج آلي / Script Output - سماوي],[مخرج آلي يحتاج مراجعة بشرية - وردي]
21/11/1433,0,شكوى أسامة أحمد زيني ـ دعوى رقم 42824717 ـ 30-04-1445 ـ حجم اقل.pdf,شكوى,ي. مرفقات خطاب شكوى وزير العدل الأولى والثانية (21 ملفاً),[مخرج آلي / Script Output - سماوي],[مخرج آلي يحتاج مراجعة بشرية - وردي]
10/2/1434,0,شكوى أسامة أحمد زيني ـ دعوى رقم 42824717 ـ 30-04-1445 ـ حجم اقل.pdf,شكوى,ي. مرفقات خطاب شكوى وزير العدل الأولى والثانية (21 ملفاً),[مخرج آلي / Script Output - سماوي],[مخرج آلي يحتاج مراجعة بشرية - وردي]
11/11/1444,0,شكوى أسامة أحمد زيني ـ دعوى رقم 42824717 ـ 30-04-1445 ـ حجم اقل.pdf,شكوى,ي. مرفقات خطاب شكوى وزير العدل الأولى والثانية (21 ملفاً),[مخرج آلي / Script Output - سماوي],[مخرج آلي يحتاج مراجعة بشرية - وردي]
02/12/1432,0,شكوى أسامة أحمد زيني ـ دعوى رقم 42824717 ـ 30-04-1445 ـ حجم اقل.pdf,شكوى,ي. مرفقات خطاب شكوى وزير العدل الأولى والثانية (21 ملفاً),[مخرج آلي / Script Output - سماوي],[مخرج آلي يحتاج مراجعة بشرية - وردي]
10/ 2/ 1438,0,شكوى أسامة أحمد زيني ـ دعوى رقم 42824717 ـ 30-04-1445 ـ حجم اقل.pdf,شكوى,ي. مرفقات خطاب شكوى وزير العدل الأولى والثانية (21 ملفاً),[مخرج آلي / Script Output - سماوي],[مخرج آلي يحتاج مراجعة بشرية - وردي]
1/ 12/ 1442,0,شكوى أسامة أحمد زيني ـ دعوى رقم 42824717 ـ 30-04-1445 ـ حجم اقل.pdf,شكوى,ي. مرفقات خطاب شكوى وزير العدل الأولى والثانية (21 ملفاً),[مخرج آلي / Script Output - سماوي],[مخرج آلي يحتاج مراجعة بشرية - وردي]
14/ 10/ 1427,0,شكوى أسامة أحمد زيني ـ دعوى رقم 42824717 ـ 30-04-1445 ـ حجم اقل.pdf,شكوى,ي. مرفقات خطاب شكوى وزير العدل الأولى والثانية (21 ملفاً),[مخرج آلي / Script Output - سماوي],[مخرج آلي يحتاج مراجعة بشرية - وردي]
6/ 11/ 1429,0,شكوى أسامة أحمد زيني ـ دعوى رقم 42824717 ـ 30-04-1445 ـ حجم اقل.pdf,شكوى,ي. مرفقات خطاب شكوى وزير العدل الأولى والثانية (21 ملفاً),[مخرج آلي / Script Output - سماوي],[مخرج آلي يحتاج مراجعة بشرية - وردي]
14/ 3/ 1428,0,شكوى أسامة أحمد زيني ـ دعوى رقم 42824717 ـ 30-04-1445 ـ حجم اقل.pdf,شكوى,ي. مرفقات خطاب شكوى وزير العدل الأولى والثانية (21 ملفاً),[مخرج آلي / Script Output - سماوي],[مخرج آلي يحتاج مراجعة بشرية - وردي]
20/ 09/ 1431,0,شكوى أسامة أحمد زيني ـ دعوى رقم 42824717 ـ 30-04-1445 ـ حجم اقل.pdf,شكوى,ي. مرفقات خطاب شكوى وزير العدل الأولى والثانية (21 ملفاً),[مخرج آلي / Script Output - سماوي],[مخرج آلي يحتاج مراجعة بشرية - وردي]
3/ 12/ 1429,0,شكوى أسامة أحمد زيني ـ دعوى رقم 42824717 ـ 30-04-1445 ـ حجم اقل.pdf,شكوى,ي. مرفقات خطاب شكوى وزير العدل الأولى والثانية (21 ملفاً),[مخرج آلي / Script Output - سماوي],[مخرج آلي يحتاج مراجعة بشرية - وردي]
10/ 2/ 1434,0,شكوى أسامة أحمد زيني ـ دعوى رقم 42824717 ـ 30-04-1445 ـ حجم اقل.pdf,شكوى,ي. مرفقات خطاب شكوى وزير العدل الأولى والثانية (21 ملفاً),[مخرج آلي / Script Output - سماوي],[مخرج آلي يحتاج مراجعة بشرية - وردي]
2/ 12/ 1432,0,شكوى أسامة أحمد زيني ـ دعوى رقم 42824717 ـ 30-04-1445 ـ حجم اقل.pdf,شكوى,ي. مرفقات خطاب شكوى وزير العدل الأولى والثانية (21 ملفاً),[مخرج آلي / Script Output - سماوي],[مخرج آلي يحتاج مراجعة بشرية - وردي]
06/ 11/ 1442,0,شكوى أسامة أحمد زيني ـ دعوى رقم 42824717 ـ 30-04-1445 ـ حجم اقل.pdf,شكوى,ي. مرفقات خطاب شكوى وزير العدل الأولى والثانية (21 ملفاً),[مخرج آلي / Script Output - سماوي],[مخرج آلي يحتاج مراجعة بشرية - وردي]
01/ 09/ 1442,0,شكوى أسامة أحمد زيني ـ دعوى رقم 42824717 ـ 30-04-1445 ـ حجم اقل.pdf,شكوى,ي. مرفقات خطاب شكوى وزير العدل الأولى والثانية (21 ملفاً),[مخرج آلي / Script Output - سماوي],[مخرج آلي يحتاج مراجعة بشرية - وردي]
25/ 2/ 1445,0,شكوى أسامة أحمد زيني ـ دعوى رقم 42824717 ـ 30-04-1445 ـ حجم اقل.pdf,شكوى,ي. مرفقات خطاب شكوى وزير العدل الأولى والثانية (21 ملفاً),[مخرج آلي / Script Output - سماوي],[مخرج آلي يحتاج مراجعة بشرية - وردي]
20/ 9/ 1431,0,شكوى أسامة أحمد زيني ـ دعوى رقم 42824717 ـ 30-04-1445 ـ حجم اقل.pdf,شكوى,ي. مرفقات خطاب شكوى وزير العدل الأولى والثانية (21 ملفاً),[مخرج آلي / Script Output - سماوي],[مخرج آلي يحتاج مراجعة بشرية - وردي]
16/ 10/ 1431,0,شكوى أسامة أحمد زيني ـ دعوى رقم 42824717 ـ 30-04-1445 ـ حجم اقل.pdf,شكوى,ي. مرفقات خطاب شكوى وزير العدل الأولى والثانية (21 ملفاً),[مخرج آلي / Script Output - سماوي],[مخرج آلي يحتاج مراجعة بشرية - وردي]
3/ 11/ 1431,0,شكوى أسامة أحمد زيني ـ دعوى رقم 42824717 ـ 30-04-1445 ـ حجم اقل.pdf,شكوى,ي. مرفقات خطاب شكوى وزير العدل الأولى والثانية (21 ملفاً),[مخرج آلي / Script Output - سماوي],[مخرج آلي يحتاج مراجعة بشرية - وردي]
18/ 2/ 1432,0,شكوى أسامة أحمد زيني ـ دعوى رقم 42824717 ـ 30-04-1445 ـ حجم اقل.pdf,شكوى,ي. مرفقات خطاب شكوى وزير العدل الأولى والثانية (21 ملفاً),[مخرج آلي / Script Output - سماوي],[مخرج آلي يحتاج مراجعة بشرية - وردي]
8/ 6/ 1432,0,شكوى أسامة أحمد زيني ـ دعوى رقم 42824717 ـ 30-04-1445 ـ حجم اقل.pdf,شكوى,ي. مرفقات خطاب شكوى وزير العدل الأولى والثانية (21 ملفاً),[مخرج آلي / Script Output - سماوي],[مخرج آلي يحتاج مراجعة بشرية - وردي]
17/ 4/ 1433,0,شكوى أسامة أحمد زيني ـ دعوى رقم 42824717 ـ 30-04-1445 ـ حجم اقل.pdf,شكوى,ي. مرفقات خطاب شكوى وزير العدل الأولى والثانية (21 ملفاً),[مخرج آلي / Script Output - سماوي],[مخرج آلي يحتاج مراجعة بشرية - وردي]
4/ 8/ 1432,0,شكوى أسامة أحمد زيني ـ دعوى رقم 42824717 ـ 30-04-1445 ـ حجم اقل.pdf,شكوى,ي. مرفقات خطاب شكوى وزير العدل الأولى والثانية (21 ملفاً),[مخرج آلي / Script Output - سماوي],[مخرج آلي يحتاج مراجعة بشرية - وردي]
12/ 3/ 1433,0,شكوى أسامة أحمد زيني ـ دعوى رقم 42824717 ـ 30-04-1445 ـ حجم اقل.pdf,شكوى,ي. مرفقات خطاب شكوى وزير العدل الأولى والثانية (21 ملفاً),[مخرج آلي / Script Output - سماوي],[مخرج آلي يحتاج مراجعة بشرية - وردي]
8/ 6/ 1433,0,شكوى أسامة أحمد زيني ـ دعوى رقم 42824717 ـ 30-04-1445 ـ حجم اقل.pdf,شكوى,ي. مرفقات خطاب شكوى وزير العدل الأولى والثانية (21 ملفاً),[مخرج آلي / Script Output - سماوي],[مخرج آلي يحتاج مراجعة بشرية - وردي]
6/ 2/ 1434,0,شكوى أسامة أحمد زيني ـ دعوى رقم 42824717 ـ 30-04-1445 ـ حجم اقل.pdf,شكوى,ي. مرفقات خطاب شكوى وزير العدل الأولى والثانية (21 ملفاً),[مخرج آلي / Script Output - سماوي],[مخرج آلي يحتاج مراجعة بشرية - وردي]
26/ 7/ 1434,0,شكوى أسامة أحمد زيني ـ دعوى رقم 42824717 ـ 30-04-1445 ـ حجم اقل.pdf,شكوى,ي. مرفقات خطاب شكوى وزير العدل الأولى والثانية (21 ملفاً),[مخرج آلي / Script Output - سماوي],[مخرج آلي يحتاج مراجعة بشرية - وردي]
18/ 6/ 1432,0,شكوى أسامة أحمد زيني ـ دعوى رقم 42824717 ـ 30-04-1445 ـ حجم اقل.pdf,شكوى,ي. مرفقات خطاب شكوى وزير العدل الأولى والثانية (21 ملفاً),[مخرج آلي / Script Output - سماوي],[مخرج آلي يحتاج مراجعة بشرية - وردي]
4/ 3/ 1432,0,شكوى أسامة أحمد زيني ـ دعوى رقم 42824717 ـ 30-04-1445 ـ حجم اقل.pdf,شكوى,ي. مرفقات خطاب شكوى وزير العدل الأولى والثانية (21 ملفاً),[مخرج آلي / Script Output - سماوي],[مخرج آلي يحتاج مراجعة بشرية - وردي]
12/ 4/ 1438,0,شكوى أسامة أحمد زيني ـ دعوى رقم 42824717 ـ 30-04-1445 ـ حجم اقل.pdf,شكوى,ي. مرفقات خطاب شكوى وزير العدل الأولى والثانية (21 ملفاً),[مخرج آلي / Script Output - سماوي],[مخرج آلي يحتاج مراجعة بشرية - وردي]
28/ 6/ 1442,0,شكوى أسامة أحمد زيني ـ دعوى رقم 42824717 ـ 30-04-1445 ـ حجم اقل.pdf,شكوى,ي. مرفقات خطاب شكوى وزير العدل الأولى والثانية (21 ملفاً),[مخرج آلي / Script Output - سماوي],[مخرج آلي يحتاج مراجعة بشرية - وردي]
12/ 2/ 1432,0,شكوى أسامة أحمد زيني ـ دعوى رقم 42824717 ـ 30-04-1445 ـ حجم اقل.pdf,شكوى,ي. مرفقات خطاب شكوى وزير العدل الأولى والثانية (21 ملفاً),[مخرج آلي / Script Output - سماوي],[مخرج آلي يحتاج مراجعة بشرية - وردي]
26/06/1444,0,شكوى أسامة أحمد زيني ـ دعوى رقم 42824717 ـ 30-04-1445 ـ حجم اقل.pdf,شكوى,ي. مرفقات خطاب شكوى وزير العدل الأولى والثانية (21 ملفاً),[مخرج آلي / Script Output - سماوي],[مخرج آلي يحتاج مراجعة بشرية - وردي]
16/11/1444,0,شكوى أسامة أحمد زيني ـ دعوى رقم 42824717 ـ 30-04-1445 ـ حجم اقل.pdf,شكوى,ي. مرفقات خطاب شكوى وزير العدل الأولى والثانية (21 ملفاً),[مخرج آلي / Script Output - سماوي],[مخرج آلي يحتاج مراجعة بشرية - وردي]
9/11/1443,0,شكوى أسامة أحمد زيني ـ دعوى رقم 42824717 ـ 30-04-1445 ـ حجم اقل.pdf,شكوى,ي. مرفقات خطاب شكوى وزير العدل الأولى والثانية (21 ملفاً),[مخرج آلي / Script Output - سماوي],[مخرج آلي يحتاج مراجعة بشرية - وردي]
16/03/1445,0,شكوى أسامة أحمد زيني ـ دعوى رقم 42824717 ـ 30-04-1445 ـ حجم اقل.pdf,شكوى,ي. مرفقات خطاب شكوى وزير العدل الأولى والثانية (21 ملفاً),[مخرج آلي / Script Output - سماوي],[مخرج آلي يحتاج مراجعة بشرية - وردي]
08/04/1445,0,شكوى أسامة أحمد زيني ـ دعوى رقم 42824717 ـ 30-04-1445 ـ حجم اقل.pdf,شكوى,ي. مرفقات خطاب شكوى وزير العدل الأولى والثانية (21 ملفاً),[مخرج آلي / Script Output - سماوي],[مخرج آلي يحتاج مراجعة بشرية - وردي]
10/ 2 / 1434,0,شكوى أسامة أحمد زيني ـ دعوى رقم 42824717 ـ 30-04-1445 ـ حجم اقل.pdf,شكوى,ي. مرفقات خطاب شكوى وزير العدل الأولى والثانية (21 ملفاً),[مخرج آلي / Script Output - سماوي],[مخرج آلي يحتاج مراجعة بشرية - وردي]
12/3/ 1439,0,شكوى أسامة أحمد زيني ـ دعوى رقم 42824717 ـ 30-04-1445 ـ حجم اقل.pdf,شكوى,ي. مرفقات خطاب شكوى وزير العدل الأولى والثانية (21 ملفاً),[مخرج آلي / Script Output - سماوي],[مخرج آلي يحتاج مراجعة بشرية - وردي]
4/4 / 1430,0,شكوى أسامة أحمد زيني ـ دعوى رقم 42824717 ـ 30-04-1445 ـ حجم اقل.pdf,شكوى,ي. مرفقات خطاب شكوى وزير العدل الأولى والثانية (21 ملفاً),[مخرج آلي / Script Output - سماوي],[مخرج آلي يحتاج مراجعة بشرية - وردي]
1/ 2 / 1434,0,شكوى أسامة أحمد زيني ـ دعوى رقم 42824717 ـ 30-04-1445 ـ حجم اقل.pdf,شكوى,ي. مرفقات خطاب شكوى وزير العدل الأولى والثانية (21 ملفاً),[مخرج آلي / Script Output - سماوي],[مخرج آلي يحتاج مراجعة بشرية - وردي]
26/7/1434,0,شكوى أسامة أحمد زيني ـ دعوى رقم 42824717.pdf,شكوى,ي. مرفقات خطاب شكوى وزير العدل الأولى والثانية (21 ملفاً),[مخرج آلي / Script Output - سماوي],[مخرج آلي يحتاج مراجعة بشرية - وردي]
18/11/1393,0,شكوى أسامة أحمد زيني ـ دعوى رقم 42824717.pdf,شكوى,ي. مرفقات خطاب شكوى وزير العدل الأولى والثانية (21 ملفاً),[مخرج آلي / Script Output - سماوي],[مخرج آلي يحتاج مراجعة بشرية - وردي]
21/04/1438,0,شكوى أسامة أحمد زيني ـ دعوى رقم 42824717.pdf,شكوى,ي. مرفقات خطاب شكوى وزير العدل الأولى والثانية (21 ملفاً),[مخرج آلي / Script Output - سماوي],[مخرج آلي يحتاج مراجعة بشرية - وردي]
20/09/1431,0,شكوى أسامة أحمد زيني ـ دعوى رقم 42824717.pdf,شكوى,ي. مرفقات خطاب شكوى وزير العدل الأولى والثانية (21 ملفاً),[مخرج آلي / Script Output - سماوي],[مخرج آلي يحتاج مراجعة بشرية - وردي]
1/1/1445,0,شكوى أسامة أحمد زيني ـ دعوى رقم 42824717.pdf,شكوى,ي. مرفقات خطاب شكوى وزير العدل الأولى والثانية (21 ملفاً),[مخرج آلي / Script Output - سماوي],[مخرج آلي يحتاج مراجعة بشرية - وردي]
12/05/1438,0,شكوى أسامة أحمد زيني ـ دعوى رقم 42824717.pdf,شكوى,ي. مرفقات خطاب شكوى وزير العدل الأولى والثانية (21 ملفاً),[مخرج آلي / Script Output - سماوي],[مخرج آلي يحتاج مراجعة بشرية - وردي]
12/5/1438,0,شكوى أسامة أحمد زيني ـ دعوى رقم 42824717.pdf,شكوى,ي. مرفقات خطاب شكوى وزير العدل الأولى والثانية (21 ملفاً),[مخرج آلي / Script Output - سماوي],[مخرج آلي يحتاج مراجعة بشرية - وردي]
25/07/1432,0,شكوى أسامة أحمد زيني ـ دعوى رقم 42824717.pdf,شكوى,ي. مرفقات خطاب شكوى وزير العدل الأولى والثانية (21 ملفاً),[مخرج آلي / Script Output - سماوي],[مخرج آلي يحتاج مراجعة بشرية - وردي]
4/3/1432,0,شكوى أسامة أحمد زيني ـ دعوى رقم 42824717.pdf,شكوى,ي. مرفقات خطاب شكوى وزير العدل الأولى والثانية (21 ملفاً),[مخرج آلي / Script Output - سماوي],[مخرج آلي يحتاج مراجعة بشرية - وردي]
8/6/1433,0,شكوى أسامة أحمد زيني ـ دعوى رقم 42824717.pdf,شكوى,ي. مرفقات خطاب شكوى وزير العدل الأولى والثانية (21 ملفاً),[مخرج آلي / Script Output - سماوي],[مخرج آلي يحتاج مراجعة بشرية - وردي]
2/12/1432,0,شكوى أسامة أحمد زيني ـ دعوى رقم 42824717.pdf,شكوى,ي. مرفقات خطاب شكوى وزير العدل الأولى والثانية (21 ملفاً),[مخرج آلي / Script Output - سماوي],[مخرج آلي يحتاج مراجعة بشرية - وردي]
02/04/1444,0,شكوى أسامة أحمد زيني ـ دعوى رقم 42824717.pdf,شكوى,ي. مرفقات خطاب شكوى وزير العدل الأولى والثانية (21 ملفاً),[مخرج آلي / Script Output - سماوي],[مخرج آلي يحتاج مراجعة بشرية - وردي]
10/11/1444,0,شكوى أسامة أحمد زيني ـ دعوى رقم 42824717.pdf,شكوى,ي. مرفقات خطاب شكوى وزير العدل الأولى والثانية (21 ملفاً),[مخرج آلي / Script Output - سماوي],[مخرج آلي يحتاج مراجعة بشرية - وردي]
01/08/1444,0,شكوى أسامة أحمد زيني ـ دعوى رقم 42824717.pdf,شكوى,ي. مرفقات خطاب شكوى وزير العدل الأولى والثانية (21 ملفاً),[مخرج آلي / Script Output - سماوي],[مخرج آلي يحتاج مراجعة بشرية - وردي]
22/10/1444,0,شكوى أسامة أحمد زيني ـ دعوى رقم 42824717.pdf,شكوى,ي. مرفقات خطاب شكوى وزير العدل الأولى والثانية (21 ملفاً),[مخرج آلي / Script Output - سماوي],[مخرج آلي يحتاج مراجعة بشرية - وردي]
16/10/1431,0,شكوى أسامة أحمد زيني ـ دعوى رقم 42824717.pdf,شكوى,ي. مرفقات خطاب شكوى وزير العدل الأولى والثانية (21 ملفاً),[مخرج آلي / Script Output - سماوي],[مخرج آلي يحتاج مراجعة بشرية - وردي]
1/12/1442,0,شكوى أسامة أحمد زيني ـ دعوى رقم 42824717.pdf,شكوى,ي. مرفقات خطاب شكوى وزير العدل الأولى والثانية (21 ملفاً),[مخرج آلي / Script Output - سماوي],[مخرج آلي يحتاج مراجعة بشرية - وردي]
11/4/1437,0,شكوى أسامة أحمد زيني ـ دعوى رقم 42824717.pdf,شكوى,ي. مرفقات خطاب شكوى وزير العدل الأولى والثانية (21 ملفاً),[مخرج آلي / Script Output - سماوي],[مخرج آلي يحتاج مراجعة بشرية - وردي]
09/11/1443,0,شكوى أسامة أحمد زيني ـ دعوى رقم 42824717.pdf,شكوى,ي. مرفقات خطاب شكوى وزير العدل الأولى والثانية (21 ملفاً),[مخرج آلي / Script Output - سماوي],[مخرج آلي يحتاج مراجعة بشرية - وردي]
26/11/1431,0,شكوى أسامة أحمد زيني ـ دعوى رقم 42824717.pdf,شكوى,ي. مرفقات خطاب شكوى وزير العدل الأولى والثانية (21 ملفاً),[مخرج آلي / Script Output - سماوي],[مخرج آلي يحتاج مراجعة بشرية - وردي]
21/11/1433,0,شكوى أسامة أحمد زيني ـ دعوى رقم 42824717.pdf,شكوى,ي. مرفقات خطاب شكوى وزير العدل الأولى والثانية (21 ملفاً),[مخرج آلي / Script Output - سماوي],[مخرج آلي يحتاج مراجعة بشرية - وردي]
10/2/1434,0,شكوى أسامة أحمد زيني ـ دعوى رقم 42824717.pdf,شكوى,ي. مرفقات خطاب شكوى وزير العدل الأولى والثانية (21 ملفاً),[مخرج آلي / Script Output - سماوي],[مخرج آلي يحتاج مراجعة بشرية - وردي]
11/11/1444,0,شكوى أسامة أحمد زيني ـ دعوى رقم 42824717.pdf,شكوى,ي. مرفقات خطاب شكوى وزير العدل الأولى والثانية (21 ملفاً),[مخرج آلي / Script Output - سماوي],[مخرج آلي يحتاج مراجعة بشرية - وردي]
02/12/1432,0,شكوى أسامة أحمد زيني ـ دعوى رقم 42824717.pdf,شكوى,ي. مرفقات خطاب شكوى وزير العدل الأولى والثانية (21 ملفاً),[مخرج آلي / Script Output - سماوي],[مخرج آلي يحتاج مراجعة بشرية - وردي]
10/ 2/ 1438,0,شكوى أسامة أحمد زيني ـ دعوى رقم 42824717.pdf,شكوى,ي. مرفقات خطاب شكوى وزير العدل الأولى والثانية (21 ملفاً),[مخرج آلي / Script Output - سماوي],[مخرج آلي يحتاج مراجعة بشرية - وردي]
1/ 12/ 1442,0,شكوى أسامة أحمد زيني ـ دعوى رقم 42824717.pdf,شكوى,ي. مرفقات خطاب شكوى وزير العدل الأولى والثانية (21 ملفاً),[مخرج آلي / Script Output - سماوي],[مخرج آلي يحتاج مراجعة بشرية - وردي]
14/ 10/ 1427,0,شكوى أسامة أحمد زيني ـ دعوى رقم 42824717.pdf,شكوى,ي. مرفقات خطاب شكوى وزير العدل الأولى والثانية (21 ملفاً),[مخرج آلي / Script Output - سماوي],[مخرج آلي يحتاج مراجعة بشرية - وردي]
6/ 11/ 1429,0,شكوى أسامة أحمد زيني ـ دعوى رقم 42824717.pdf,شكوى,ي. مرفقات خطاب شكوى وزير العدل الأولى والثانية (21 ملفاً),[مخرج آلي / Script Output - سماوي],[مخرج آلي يحتاج مراجعة بشرية - وردي]
14/ 3/ 1428,0,شكوى أسامة أحمد زيني ـ دعوى رقم 42824717.pdf,شكوى,ي. مرفقات خطاب شكوى وزير العدل الأولى والثانية (21 ملفاً),[مخرج آلي / Script Output - سماوي],[مخرج آلي يحتاج مراجعة بشرية - وردي]
20/ 09/ 1431,0,شكوى أسامة أحمد زيني ـ دعوى رقم 42824717.pdf,شكوى,ي. مرفقات خطاب شكوى وزير العدل الأولى والثانية (21 ملفاً),[مخرج آلي / Script Output - سماوي],[مخرج آلي يحتاج مراجعة بشرية - وردي]
3/ 12/ 1429,0,شكوى أسامة أحمد زيني ـ دعوى رقم 42824717.pdf,شكوى,ي. مرفقات خطاب شكوى وزير العدل الأولى والثانية (21 ملفاً),[مخرج آلي / Script Output - سماوي],[مخرج آلي يحتاج مراجعة بشرية - وردي]
10/ 2/ 1434,0,شكوى أسامة أحمد زيني ـ دعوى رقم 42824717.pdf,شكوى,ي. مرفقات خطاب شكوى وزير العدل الأولى والثانية (21 ملفاً),[مخرج آلي / Script Output - سماوي],[مخرج آلي يحتاج مراجعة بشرية - وردي]
2/ 12/ 1432,0,شكوى أسامة أحمد زيني ـ دعوى رقم 42824717.pdf,شكوى,ي. مرفقات خطاب شكوى وزير العدل الأولى والثانية (21 ملفاً),[مخرج آلي / Script Output - سماوي],[مخرج آلي يحتاج مراجعة بشرية - وردي]
06/ 11/ 1442,0,شكوى أسامة أحمد زيني ـ دعوى رقم 42824717.pdf,شكوى,ي. مرفقات خطاب شكوى وزير العدل الأولى والثانية (21 ملفاً),[مخرج آلي / Script Output - سماوي],[مخرج آلي يحتاج مراجعة بشرية - وردي]
01/ 09/ 1442,0,شكوى أسامة أحمد زيني ـ دعوى رقم 42824717.pdf,شكوى,ي. مرفقات خطاب شكوى وزير العدل الأولى والثانية (21 ملفاً),[مخرج آلي / Script Output - سماوي],[مخرج آلي يحتاج مراجعة بشرية - وردي]
25/ 2/ 1445,0,شكوى أسامة أحمد زيني ـ دعوى رقم 42824717.pdf,شكوى,ي. مرفقات خطاب شكوى وزير العدل الأولى والثانية (21 ملفاً),[مخرج آلي / Script Output - سماوي],[مخرج آلي يحتاج مراجعة بشرية - وردي]
20/ 9/ 1431,0,شكوى أسامة أحمد زيني ـ دعوى رقم 42824717.pdf,شكوى,ي. مرفقات خطاب شكوى وزير العدل الأولى والثانية (21 ملفاً),[مخرج آلي / Script Output - سماوي],[مخرج آلي يحتاج مراجعة بشرية - وردي]
16/ 10/ 1431,0,شكوى أسامة أحمد زيني ـ دعوى رقم 42824717.pdf,شكوى,ي. مرفقات خطاب شكوى وزير العدل الأولى والثانية (21 ملفاً),[مخرج آلي / Script Output - سماوي],[مخرج آلي يحتاج مراجعة بشرية - وردي]
3/ 11/ 1431,0,شكوى أسامة أحمد زيني ـ دعوى رقم 42824717.pdf,شكوى,ي. مرفقات خطاب شكوى وزير العدل الأولى والثانية (21 ملفاً),[مخرج آلي / Script Output - سماوي],[مخرج آلي يحتاج مراجعة بشرية - وردي]
18/ 2/ 1432,0,شكوى أسامة أحمد زيني ـ دعوى رقم 42824717.pdf,شكوى,ي. مرفقات خطاب شكوى وزير العدل الأولى والثانية (21 ملفاً),[مخرج آلي / Script Output - سماوي],[مخرج آلي يحتاج مراجعة بشرية - وردي]
8/ 6/ 1432,0,شكوى أسامة أحمد زيني ـ دعوى رقم 42824717.pdf,شكوى,ي. مرفقات خطاب شكوى وزير العدل الأولى والثانية (21 ملفاً),[مخرج آلي / Script Output - سماوي],[مخرج آلي يحتاج مراجعة بشرية - وردي]
17/ 4/ 1433,0,شكوى أسامة أحمد زيني ـ دعوى رقم 42824717.pdf,شكوى,ي. مرفقات خطاب شكوى وزير العدل الأولى والثانية (21 ملفاً),[مخرج آلي / Script Output - سماوي],[مخرج آلي يحتاج مراجعة بشرية - وردي]
4/ 8/ 1432,0,شكوى أسامة أحمد زيني ـ دعوى رقم 42824717.pdf,شكوى,ي. مرفقات خطاب شكوى وزير العدل الأولى والثانية (21 ملفاً),[مخرج آلي / Script Output - سماوي],[مخرج آلي يحتاج مراجعة بشرية - وردي]
12/ 3/ 1433,0,شكوى أسامة أحمد زيني ـ دعوى رقم 42824717.pdf,شكوى,ي. مرفقات خطاب شكوى وزير العدل الأولى والثانية (21 ملفاً),[مخرج آلي / Script Output - سماوي],[مخرج آلي يحتاج مراجعة بشرية - وردي]
8/ 6/ 1433,0,شكوى أسامة أحمد زيني ـ دعوى رقم 42824717.pdf,شكوى,ي. مرفقات خطاب شكوى وزير العدل الأولى والثانية (21 ملفاً),[مخرج آلي / Script Output - سماوي],[مخرج آلي يحتاج مراجعة بشرية - وردي]
6/ 2/ 1434,0,شكوى أسامة أحمد زيني ـ دعوى رقم 42824717.pdf,شكوى,ي. مرفقات خطاب شكوى وزير العدل الأولى والثانية (21 ملفاً),[مخرج آلي / Script Output - سماوي],[مخرج آلي يحتاج مراجعة بشرية - وردي]
26/ 7/ 1434,0,شكوى أسامة أحمد زيني ـ دعوى رقم 42824717.pdf,شكوى,ي. مرفقات خطاب شكوى وزير العدل الأولى والثانية (21 ملفاً),[مخرج آلي / Script Output - سماوي],[مخرج آلي يحتاج مراجعة بشرية - وردي]
18/ 6/ 1432,0,شكوى أسامة أحمد زيني ـ دعوى رقم 42824717.pdf,شكوى,ي. مرفقات خطاب شكوى وزير العدل الأولى والثانية (21 ملفاً),[مخرج آلي / Script Output - سماوي],[مخرج آلي يحتاج مراجعة بشرية - وردي]
4/ 3/ 1432,0,شكوى أسامة أحمد زيني ـ دعوى رقم 42824717.pdf,شكوى,ي. مرفقات خطاب شكوى وزير العدل الأولى والثانية (21 ملفاً),[مخرج آلي / Script Output - سماوي],[مخرج آلي يحتاج مراجعة بشرية - وردي]
12/ 4/ 1438,0,شكوى أسامة أحمد زيني ـ دعوى رقم 42824717.pdf,شكوى,ي. مرفقات خطاب شكوى وزير العدل الأولى والثانية (21 ملفاً),[مخرج آلي / Script Output - سماوي],[مخرج آلي يحتاج مراجعة بشرية - وردي]
28/ 6/ 1442,0,شكوى أسامة أحمد زيني ـ دعوى رقم 42824717.pdf,شكوى,ي. مرفقات خطاب شكوى وزير العدل الأولى والثانية (21 ملفاً),[مخرج آلي / Script Output - سماوي],[مخرج آلي يحتاج مراجعة بشرية - وردي]
12/ 2/ 1432,0,شكوى أسامة أحمد زيني ـ دعوى رقم 42824717.pdf,شكوى,ي. مرفقات خطاب شكوى وزير العدل الأولى والثانية (21 ملفاً),[مخرج آلي / Script Output - سماوي],[مخرج آلي يحتاج مراجعة بشرية - وردي]
26/06/1444,0,شكوى أسامة أحمد زيني ـ دعوى رقم 42824717.pdf,شكوى,ي. مرفقات خطاب شكوى وزير العدل الأولى والثانية (21 ملفاً),[مخرج آلي / Script Output - سماوي],[مخرج آلي يحتاج مراجعة بشرية - وردي]
16/11/1444,0,شكوى أسامة أحمد زيني ـ دعوى رقم 42824717.pdf,شكوى,ي. مرفقات خطاب شكوى وزير العدل الأولى والثانية (21 ملفاً),[مخرج آلي / Script Output - سماوي],[مخرج آلي يحتاج مراجعة بشرية - وردي]
9/11/1443,0,شكوى أسامة أحمد زيني ـ دعوى رقم 42824717.pdf,شكوى,ي. مرفقات خطاب شكوى وزير العدل الأولى والثانية (21 ملفاً),[مخرج آلي / Script Output - سماوي],[مخرج آلي يحتاج مراجعة بشرية - وردي]
16/03/1445,0,شكوى أسامة أحمد زيني ـ دعوى رقم 42824717.pdf,شكوى,ي. مرفقات خطاب شكوى وزير العدل الأولى والثانية (21 ملفاً),[مخرج آلي / Script Output - سماوي],[مخرج آلي يحتاج مراجعة بشرية - وردي]
08/04/1445,0,شكوى أسامة أحمد زيني ـ دعوى رقم 42824717.pdf,شكوى,ي. مرفقات خطاب شكوى وزير العدل الأولى والثانية (21 ملفاً),[مخرج آلي / Script Output - سماوي],[مخرج آلي يحتاج مراجعة بشرية - وردي]
10/ 2 / 1434,0,شكوى أسامة أحمد زيني ـ دعوى رقم 42824717.pdf,شكوى,ي. مرفقات خطاب شكوى وزير العدل الأولى والثانية (21 ملفاً),[مخرج آلي / Script Output - سماوي],[مخرج آلي يحتاج مراجعة بشرية - وردي]
4/4 / 1430,0,شكوى أسامة أحمد زيني ـ دعوى رقم 42824717.pdf,شكوى,ي. مرفقات خطاب شكوى وزير العدل الأولى والثانية (21 ملفاً),[مخرج آلي / Script Output - سماوي],[مخرج آلي يحتاج مراجعة بشرية - وردي]
1 / 2 / 1434,0,شكوى أسامة أحمد زيني ـ دعوى رقم 42824717.pdf,شكوى,ي. مرفقات خطاب شكوى وزير العدل الأولى والثانية (21 ملفاً),[مخرج آلي / Script Output - سماوي],[مخرج آلي يحتاج مراجعة بشرية - وردي]
20 / 3 / 1445,0,شكوى اسامة زيني لوزير العدل 13-11-1445 ـ 21-05-2024.pdf,شكوى,ي. مرفقات خطاب شكوى وزير العدل الأولى والثانية (21 ملفاً),[مخرج آلي / Script Output - سماوي],[مخرج آلي يحتاج مراجعة بشرية - وردي]
26/11/1431,0,شكوى اسامة زيني لوزير العدل 13-11-1445 ـ 21-05-2024.pdf,شكوى,ي. مرفقات خطاب شكوى وزير العدل الأولى والثانية (21 ملفاً),[مخرج آلي / Script Output - سماوي],[مخرج آلي يحتاج مراجعة بشرية - وردي]
29/02/1435,0,شكوى اسامة زيني لوزير العدل 13-11-1445 ـ 21-05-2024.pdf,شكوى,ي. مرفقات خطاب شكوى وزير العدل الأولى والثانية (21 ملفاً),[مخرج آلي / Script Output - سماوي],[مخرج آلي يحتاج مراجعة بشرية - وردي]
08/04/1445,0,شكوى اسامة زيني لوزير العدل 13-11-1445 ـ 21-05-2024.pdf,شكوى,ي. مرفقات خطاب شكوى وزير العدل الأولى والثانية (21 ملفاً),[مخرج آلي / Script Output - سماوي],[مخرج آلي يحتاج مراجعة بشرية - وردي]
16/03/1445,0,شكوى اسامة زيني لوزير العدل 13-11-1445 ـ 21-05-2024.pdf,شكوى,ي. مرفقات خطاب شكوى وزير العدل الأولى والثانية (21 ملفاً),[مخرج آلي / Script Output - سماوي],[مخرج آلي يحتاج مراجعة بشرية - وردي]
26/7/1434,0,شكوى اسامة زيني لوزير العدل 13-11-1445 ـ 21-05-2024.pdf,شكوى,ي. مرفقات خطاب شكوى وزير العدل الأولى والثانية (21 ملفاً),[مخرج آلي / Script Output - سماوي],[مخرج آلي يحتاج مراجعة بشرية - وردي]
18/11/1393,0,شكوى اسامة زيني لوزير العدل 13-11-1445 ـ 21-05-2024.pdf,شكوى,ي. مرفقات خطاب شكوى وزير العدل الأولى والثانية (21 ملفاً),[مخرج آلي / Script Output - سماوي],[مخرج آلي يحتاج مراجعة بشرية - وردي]
21/04/1438,0,شكوى اسامة زيني لوزير العدل 13-11-1445 ـ 21-05-2024.pdf,شكوى,ي. مرفقات خطاب شكوى وزير العدل الأولى والثانية (21 ملفاً),[مخرج آلي / Script Output - سماوي],[مخرج آلي يحتاج مراجعة بشرية - وردي]
20/09/1431,0,شكوى اسامة زيني لوزير العدل 13-11-1445 ـ 21-05-2024.pdf,شكوى,ي. مرفقات خطاب شكوى وزير العدل الأولى والثانية (21 ملفاً),[مخرج آلي / Script Output - سماوي],[مخرج آلي يحتاج مراجعة بشرية - وردي]
1/1/1445,0,شكوى اسامة زيني لوزير العدل 13-11-1445 ـ 21-05-2024.pdf,شكوى,ي. مرفقات خطاب شكوى وزير العدل الأولى والثانية (21 ملفاً),[مخرج آلي / Script Output - سماوي],[مخرج آلي يحتاج مراجعة بشرية - وردي]
12/05/1438,0,شكوى اسامة زيني لوزير العدل 13-11-1445 ـ 21-05-2024.pdf,شكوى,ي. مرفقات خطاب شكوى وزير العدل الأولى والثانية (21 ملفاً),[مخرج آلي / Script Output - سماوي],[مخرج آلي يحتاج مراجعة بشرية - وردي]
12/5/1438,0,شكوى اسامة زيني لوزير العدل 13-11-1445 ـ 21-05-2024.pdf,شكوى,ي. مرفقات خطاب شكوى وزير العدل الأولى والثانية (21 ملفاً),[مخرج آلي / Script Output - سماوي],[مخرج آلي يحتاج مراجعة بشرية - وردي]
25/07/1432,0,شكوى اسامة زيني لوزير العدل 13-11-1445 ـ 21-05-2024.pdf,شكوى,ي. مرفقات خطاب شكوى وزير العدل الأولى والثانية (21 ملفاً),[مخرج آلي / Script Output - سماوي],[مخرج آلي يحتاج مراجعة بشرية - وردي]
4/3/1432,0,شكوى اسامة زيني لوزير العدل 13-11-1445 ـ 21-05-2024.pdf,شكوى,ي. مرفقات خطاب شكوى وزير العدل الأولى والثانية (21 ملفاً),[مخرج آلي / Script Output - سماوي],[مخرج آلي يحتاج مراجعة بشرية - وردي]
8/6/1433,0,شكوى اسامة زيني لوزير العدل 13-11-1445 ـ 21-05-2024.pdf,شكوى,ي. مرفقات خطاب شكوى وزير العدل الأولى والثانية (21 ملفاً),[مخرج آلي / Script Output - سماوي],[مخرج آلي يحتاج مراجعة بشرية - وردي]
2/12/1432,0,شكوى اسامة زيني لوزير العدل 13-11-1445 ـ 21-05-2024.pdf,شكوى,ي. مرفقات خطاب شكوى وزير العدل الأولى والثانية (21 ملفاً),[مخرج آلي / Script Output - سماوي],[مخرج آلي يحتاج مراجعة بشرية - وردي]
02/04/1444,0,شكوى اسامة زيني لوزير العدل 13-11-1445 ـ 21-05-2024.pdf,شكوى,ي. مرفقات خطاب شكوى وزير العدل الأولى والثانية (21 ملفاً),[مخرج آلي / Script Output - سماوي],[مخرج آلي يحتاج مراجعة بشرية - وردي]
10/11/1444,0,شكوى اسامة زيني لوزير العدل 13-11-1445 ـ 21-05-2024.pdf,شكوى,ي. مرفقات خطاب شكوى وزير العدل الأولى والثانية (21 ملفاً),[مخرج آلي / Script Output - سماوي],[مخرج آلي يحتاج مراجعة بشرية - وردي]
01/08/1444,0,شكوى اسامة زيني لوزير العدل 13-11-1445 ـ 21-05-2024.pdf,شكوى,ي. مرفقات خطاب شكوى وزير العدل الأولى والثانية (21 ملفاً),[مخرج آلي / Script Output - سماوي],[مخرج آلي يحتاج مراجعة بشرية - وردي]
22/10/1444,0,شكوى اسامة زيني لوزير العدل 13-11-1445 ـ 21-05-2024.pdf,شكوى,ي. مرفقات خطاب شكوى وزير العدل الأولى والثانية (21 ملفاً),[مخرج آلي / Script Output - سماوي],[مخرج آلي يحتاج مراجعة بشرية - وردي]
16/10/1431,0,شكوى اسامة زيني لوزير العدل 13-11-1445 ـ 21-05-2024.pdf,شكوى,ي. مرفقات خطاب شكوى وزير العدل الأولى والثانية (21 ملفاً),[مخرج آلي / Script Output - سماوي],[مخرج آلي يحتاج مراجعة بشرية - وردي]
1/12/1442,0,شكوى اسامة زيني لوزير العدل 13-11-1445 ـ 21-05-2024.pdf,شكوى,ي. مرفقات خطاب شكوى وزير العدل الأولى والثانية (21 ملفاً),[مخرج آلي / Script Output - سماوي],[مخرج آلي يحتاج مراجعة بشرية - وردي]
11/4/1437,0,شكوى اسامة زيني لوزير العدل 13-11-1445 ـ 21-05-2024.pdf,شكوى,ي. مرفقات خطاب شكوى وزير العدل الأولى والثانية (21 ملفاً),[مخرج آلي / Script Output - سماوي],[مخرج آلي يحتاج مراجعة بشرية - وردي]
09/11/1443,0,شكوى اسامة زيني لوزير العدل 13-11-1445 ـ 21-05-2024.pdf,شكوى,ي. مرفقات خطاب شكوى وزير العدل الأولى والثانية (21 ملفاً),[مخرج آلي / Script Output - سماوي],[مخرج آلي يحتاج مراجعة بشرية - وردي]
21/11/1433,0,شكوى اسامة زيني لوزير العدل 13-11-1445 ـ 21-05-2024.pdf,شكوى,ي. مرفقات خطاب شكوى وزير العدل الأولى والثانية (21 ملفاً),[مخرج آلي / Script Output - سماوي],[مخرج آلي يحتاج مراجعة بشرية - وردي]
10/2/1434,0,شكوى اسامة زيني لوزير العدل 13-11-1445 ـ 21-05-2024.pdf,شكوى,ي. مرفقات خطاب شكوى وزير العدل الأولى والثانية (21 ملفاً),[مخرج آلي / Script Output - سماوي],[مخرج آلي يحتاج مراجعة بشرية - وردي]
11/11/1444,0,شكوى اسامة زيني لوزير العدل 13-11-1445 ـ 21-05-2024.pdf,شكوى,ي. مرفقات خطاب شكوى وزير العدل الأولى والثانية (21 ملفاً),[مخرج آلي / Script Output - سماوي],[مخرج آلي يحتاج مراجعة بشرية - وردي]
02/12/1432,0,شكوى اسامة زيني لوزير العدل 13-11-1445 ـ 21-05-2024.pdf,شكوى,ي. مرفقات خطاب شكوى وزير العدل الأولى والثانية (21 ملفاً),[مخرج آلي / Script Output - سماوي],[مخرج آلي يحتاج مراجعة بشرية - وردي]
18/11/1393,0,صك حكم نهائي ـ الاستئناف الثانية ـ نسخة,حكم / صك,ي. مرفقات خطاب شكوى وزير العدل الأولى والثانية (21 ملفاً),[مخرج آلي / Script Output - سماوي],[مخرج آلي يحتاج مراجعة بشرية - وردي]
20/09/1431,0,صك حكم نهائي ـ الاستئناف الثانية ـ نسخة,حكم / صك,ي. مرفقات خطاب شكوى وزير العدل الأولى والثانية (21 ملفاً),[مخرج آلي / Script Output - سماوي],[مخرج آلي يحتاج مراجعة بشرية - وردي]
12/3/1433,0,صك حكم نهائي ـ الاستئناف الثانية ـ نسخة,حكم / صك,ي. مرفقات خطاب شكوى وزير العدل الأولى والثانية (21 ملفاً),[مخرج آلي / Script Output - سماوي],[مخرج آلي يحتاج مراجعة بشرية - وردي]
26/7/1434,0,صك حكم نهائي ـ الاستئناف الثانية ـ نسخة,حكم / صك,ي. مرفقات خطاب شكوى وزير العدل الأولى والثانية (21 ملفاً),[مخرج آلي / Script Output - سماوي],[مخرج آلي يحتاج مراجعة بشرية - وردي]
12/4/1438,0,صك حكم نهائي ـ الاستئناف الثانية ـ نسخة,حكم / صك,ي. مرفقات خطاب شكوى وزير العدل الأولى والثانية (21 ملفاً),[مخرج آلي / Script Output - سماوي],[مخرج آلي يحتاج مراجعة بشرية - وردي]
4/3/1432,0,صك حكم نهائي ـ الاستئناف الثانية ـ نسخة,حكم / صك,ي. مرفقات خطاب شكوى وزير العدل الأولى والثانية (21 ملفاً),[مخرج آلي / Script Output - سماوي],[مخرج آلي يحتاج مراجعة بشرية - وردي]
8/6/1433,0,صك حكم نهائي ـ الاستئناف الثانية ـ نسخة,حكم / صك,ي. مرفقات خطاب شكوى وزير العدل الأولى والثانية (21 ملفاً),[مخرج آلي / Script Output - سماوي],[مخرج آلي يحتاج مراجعة بشرية - وردي]
12/2/1432,0,صك حكم نهائي ـ الاستئناف الثانية ـ نسخة,حكم / صك,ي. مرفقات خطاب شكوى وزير العدل الأولى والثانية (21 ملفاً),[مخرج آلي / Script Output - سماوي],[مخرج آلي يحتاج مراجعة بشرية - وردي]
10/ 03/ 1445,0,صك حكم نهائي ـ الاستئناف الثانية ـ نسخة,حكم / صك,ي. مرفقات خطاب شكوى وزير العدل الأولى والثانية (21 ملفاً),[مخرج آلي / Script Output - سماوي],[مخرج آلي يحتاج مراجعة بشرية - وردي]
16/11/1444,0,صك حكم نهائي ـ الاستئناف الثانية ـ نسخة,حكم / صك,ي. مرفقات خطاب شكوى وزير العدل الأولى والثانية (21 ملفاً),[مخرج آلي / Script Output - سماوي],[مخرج آلي يحتاج مراجعة بشرية - وردي]
26/06/1444,0,صك حكم نهائي ـ الاستئناف الثانية ـ نسخة,حكم / صك,ي. مرفقات خطاب شكوى وزير العدل الأولى والثانية (21 ملفاً),[مخرج آلي / Script Output - سماوي],[مخرج آلي يحتاج مراجعة بشرية - وردي]
13/03/1445,0,مختصر الشكوى لحجز موعد مع الوزير,شكوى,ي. مرفقات خطاب شكوى وزير العدل الأولى والثانية (21 ملفاً),[مخرج آلي / Script Output - سماوي],[مخرج آلي يحتاج مراجعة بشرية - وردي]
10/ 2 / 1434,0,ملحق تنازل عدنان عن حصته ـ 10-02-1434,عقد / اتفاقية,ي. مرفقات خطاب شكوى وزير العدل الأولى والثانية (21 ملفاً),[مخرج آلي / Script Output - سماوي],[مخرج آلي يحتاج مراجعة بشرية - وردي]
15 / 2 / 1434,0,ملحق تنازل عدنان عن حصته ـ 10-02-1434,عقد / اتفاقية,ي. مرفقات خطاب شكوى وزير العدل الأولى والثانية (21 ملفاً),[مخرج آلي / Script Output - سماوي],[مخرج آلي يحتاج مراجعة بشرية - وردي]
10/ 2 / 1434,0,ملحق تنازل عدنان عن حصته ـ 10-02-1434 ـ نسخة,عقد / اتفاقية,ي. مرفقات خطاب شكوى وزير العدل الأولى والثانية (21 ملفاً),[مخرج آلي / Script Output - سماوي],[مخرج آلي يحتاج مراجعة بشرية - وردي]
4/4 / 1430,0,ملحق تنازل عدنان عن حصته ـ 10-02-1434 ـ نسخة,عقد / اتفاقية,ي. مرفقات خطاب شكوى وزير العدل الأولى والثانية (21 ملفاً),[مخرج آلي / Script Output - سماوي],[مخرج آلي يحتاج مراجعة بشرية - وردي]
20 / 3 / 1445,0,ملف مؤقت tmp,حكم / صك,ي. مرفقات خطاب شكوى وزير العدل الأولى والثانية (21 ملفاً),[مخرج آلي / Script Output - سماوي],[مخرج آلي يحتاج مراجعة بشرية - وردي]
26/11/1431,0,ملف مؤقت tmp,حكم / صك,ي. مرفقات خطاب شكوى وزير العدل الأولى والثانية (21 ملفاً),[مخرج آلي / Script Output - سماوي],[مخرج آلي يحتاج مراجعة بشرية - وردي]
29/02/1435,0,ملف مؤقت tmp,حكم / صك,ي. مرفقات خطاب شكوى وزير العدل الأولى والثانية (21 ملفاً),[مخرج آلي / Script Output - سماوي],[مخرج آلي يحتاج مراجعة بشرية - وردي]
08/04/1445,0,ملف مؤقت tmp,حكم / صك,ي. مرفقات خطاب شكوى وزير العدل الأولى والثانية (21 ملفاً),[مخرج آلي / Script Output - سماوي],[مخرج آلي يحتاج مراجعة بشرية - وردي]
16/03/1445,0,ملف مؤقت tmp,حكم / صك,ي. مرفقات خطاب شكوى وزير العدل الأولى والثانية (21 ملفاً),[مخرج آلي / Script Output - سماوي],[مخرج آلي يحتاج مراجعة بشرية - وردي]
26/7/1434,0,ملف مؤقت tmp,حكم / صك,ي. مرفقات خطاب شكوى وزير العدل الأولى والثانية (21 ملفاً),[مخرج آلي / Script Output - سماوي],[مخرج آلي يحتاج مراجعة بشرية - وردي]
18/11/1393,0,ملف مؤقت tmp,حكم / صك,ي. مرفقات خطاب شكوى وزير العدل الأولى والثانية (21 ملفاً),[مخرج آلي / Script Output - سماوي],[مخرج آلي يحتاج مراجعة بشرية - وردي]
21/04/1438,0,ملف مؤقت tmp,حكم / صك,ي. مرفقات خطاب شكوى وزير العدل الأولى والثانية (21 ملفاً),[مخرج آلي / Script Output - سماوي],[مخرج آلي يحتاج مراجعة بشرية - وردي]
20/09/1431,0,ملف مؤقت tmp,حكم / صك,ي. مرفقات خطاب شكوى وزير العدل الأولى والثانية (21 ملفاً),[مخرج آلي / Script Output - سماوي],[مخرج آلي يحتاج مراجعة بشرية - وردي]
1/1/1445,0,ملف مؤقت tmp,حكم / صك,ي. مرفقات خطاب شكوى وزير العدل الأولى والثانية (21 ملفاً),[مخرج آلي / Script Output - سماوي],[مخرج آلي يحتاج مراجعة بشرية - وردي]
12/05/1438,0,ملف مؤقت tmp,حكم / صك,ي. مرفقات خطاب شكوى وزير العدل الأولى والثانية (21 ملفاً),[مخرج آلي / Script Output - سماوي],[مخرج آلي يحتاج مراجعة بشرية - وردي]
12/5/1438,0,ملف مؤقت tmp,حكم / صك,ي. مرفقات خطاب شكوى وزير العدل الأولى والثانية (21 ملفاً),[مخرج آلي / Script Output - سماوي],[مخرج آلي يحتاج مراجعة بشرية - وردي]
25/07/1432,0,ملف مؤقت tmp,حكم / صك,ي. مرفقات خطاب شكوى وزير العدل الأولى والثانية (21 ملفاً),[مخرج آلي / Script Output - سماوي],[مخرج آلي يحتاج مراجعة بشرية - وردي]
4/3/1432,0,ملف مؤقت tmp,حكم / صك,ي. مرفقات خطاب شكوى وزير العدل الأولى والثانية (21 ملفاً),[مخرج آلي / Script Output - سماوي],[مخرج آلي يحتاج مراجعة بشرية - وردي]
8/6/1433,0,ملف مؤقت tmp,حكم / صك,ي. مرفقات خطاب شكوى وزير العدل الأولى والثانية (21 ملفاً),[مخرج آلي / Script Output - سماوي],[مخرج آلي يحتاج مراجعة بشرية - وردي]
2/12/1432,0,ملف مؤقت tmp,حكم / صك,ي. مرفقات خطاب شكوى وزير العدل الأولى والثانية (21 ملفاً),[مخرج آلي / Script Output - سماوي],[مخرج آلي يحتاج مراجعة بشرية - وردي]
02/04/1444,0,ملف مؤقت tmp,حكم / صك,ي. مرفقات خطاب شكوى وزير العدل الأولى والثانية (21 ملفاً),[مخرج آلي / Script Output - سماوي],[مخرج آلي يحتاج مراجعة بشرية - وردي]
10/11/1444,0,ملف مؤقت tmp,حكم / صك,ي. مرفقات خطاب شكوى وزير العدل الأولى والثانية (21 ملفاً),[مخرج آلي / Script Output - سماوي],[مخرج آلي يحتاج مراجعة بشرية - وردي]
01/08/1444,0,ملف مؤقت tmp,حكم / صك,ي. مرفقات خطاب شكوى وزير العدل الأولى والثانية (21 ملفاً),[مخرج آلي / Script Output - سماوي],[مخرج آلي يحتاج مراجعة بشرية - وردي]
22/10/1444,0,ملف مؤقت tmp,حكم / صك,ي. مرفقات خطاب شكوى وزير العدل الأولى والثانية (21 ملفاً),[مخرج آلي / Script Output - سماوي],[مخرج آلي يحتاج مراجعة بشرية - وردي]
16/10/1431,0,ملف مؤقت tmp,حكم / صك,ي. مرفقات خطاب شكوى وزير العدل الأولى والثانية (21 ملفاً),[مخرج آلي / Script Output - سماوي],[مخرج آلي يحتاج مراجعة بشرية - وردي]
1/12/1442,0,ملف مؤقت tmp,حكم / صك,ي. مرفقات خطاب شكوى وزير العدل الأولى والثانية (21 ملفاً),[مخرج آلي / Script Output - سماوي],[مخرج آلي يحتاج مراجعة بشرية - وردي]
11/4/1437,0,ملف مؤقت tmp,حكم / صك,ي. مرفقات خطاب شكوى وزير العدل الأولى والثانية (21 ملفاً),[مخرج آلي / Script Output - سماوي],[مخرج آلي يحتاج مراجعة بشرية - وردي]
09/11/1443,0,ملف مؤقت tmp,حكم / صك,ي. مرفقات خطاب شكوى وزير العدل الأولى والثانية (21 ملفاً),[مخرج آلي / Script Output - سماوي],[مخرج آلي يحتاج مراجعة بشرية - وردي]
21/11/1433,0,ملف مؤقت tmp,حكم / صك,ي. مرفقات خطاب شكوى وزير العدل الأولى والثانية (21 ملفاً),[مخرج آلي / Script Output - سماوي],[مخرج آلي يحتاج مراجعة بشرية - وردي]
10/2/1434,0,ملف مؤقت tmp,حكم / صك,ي. مرفقات خطاب شكوى وزير العدل الأولى والثانية (21 ملفاً),[مخرج آلي / Script Output - سماوي],[مخرج آلي يحتاج مراجعة بشرية - وردي]
11/11/1444,0,ملف مؤقت tmp,حكم / صك,ي. مرفقات خطاب شكوى وزير العدل الأولى والثانية (21 ملفاً),[مخرج آلي / Script Output - سماوي],[مخرج آلي يحتاج مراجعة بشرية - وردي]
02/12/1432,0,ملف مؤقت tmp,حكم / صك,ي. مرفقات خطاب شكوى وزير العدل الأولى والثانية (21 ملفاً),[مخرج آلي / Script Output - سماوي],[مخرج آلي يحتاج مراجعة بشرية - وردي]
20 / 3 / 1445,0,شكوى اسامة زيني الى وزير العدل ـ 13-011-1445 ـ 21-05-2024 ـ ومرفقاتها.pdf,شكوى,ك. إعادة فتح الشكوى الثانية 199058 ـ 13-11-1445 (7 ملفات),[مخرج آلي / Script Output - سماوي],[مخرج آلي يحتاج مراجعة بشرية - وردي]
26/11/1431,0,شكوى اسامة زيني الى وزير العدل ـ 13-011-1445 ـ 21-05-2024 ـ ومرفقاتها.pdf,شكوى,ك. إعادة فتح الشكوى الثانية 199058 ـ 13-11-1445 (7 ملفات),[مخرج آلي / Script Output - سماوي],[مخرج آلي يحتاج مراجعة بشرية - وردي]
29/02/1435,0,شكوى اسامة زيني الى وزير العدل ـ 13-011-1445 ـ 21-05-2024 ـ ومرفقاتها.pdf,شكوى,ك. إعادة فتح الشكوى الثانية 199058 ـ 13-11-1445 (7 ملفات),[مخرج آلي / Script Output - سماوي],[مخرج آلي يحتاج مراجعة بشرية - وردي]
08/04/1445,0,شكوى اسامة زيني الى وزير العدل ـ 13-011-1445 ـ 21-05-2024 ـ ومرفقاتها.pdf,شكوى,ك. إعادة فتح الشكوى الثانية 199058 ـ 13-11-1445 (7 ملفات),[مخرج آلي / Script Output - سماوي],[مخرج آلي يحتاج مراجعة بشرية - وردي]
16/03/1445,0,شكوى اسامة زيني الى وزير العدل ـ 13-011-1445 ـ 21-05-2024 ـ ومرفقاتها.pdf,شكوى,ك. إعادة فتح الشكوى الثانية 199058 ـ 13-11-1445 (7 ملفات),[مخرج آلي / Script Output - سماوي],[مخرج آلي يحتاج مراجعة بشرية - وردي]
26/7/1434,0,شكوى اسامة زيني الى وزير العدل ـ 13-011-1445 ـ 21-05-2024 ـ ومرفقاتها.pdf,شكوى,ك. إعادة فتح الشكوى الثانية 199058 ـ 13-11-1445 (7 ملفات),[مخرج آلي / Script Output - سماوي],[مخرج آلي يحتاج مراجعة بشرية - وردي]
18/11/1393,0,شكوى اسامة زيني الى وزير العدل ـ 13-011-1445 ـ 21-05-2024 ـ ومرفقاتها.pdf,شكوى,ك. إعادة فتح الشكوى الثانية 199058 ـ 13-11-1445 (7 ملفات),[مخرج آلي / Script Output - سماوي],[مخرج آلي يحتاج مراجعة بشرية - وردي]
21/04/1438,0,شكوى اسامة زيني الى وزير العدل ـ 13-011-1445 ـ 21-05-2024 ـ ومرفقاتها.pdf,شكوى,ك. إعادة فتح الشكوى الثانية 199058 ـ 13-11-1445 (7 ملفات),[مخرج آلي / Script Output - سماوي],[مخرج آلي يحتاج مراجعة بشرية - وردي]
20/09/1431,0,شكوى اسامة زيني الى وزير العدل ـ 13-011-1445 ـ 21-05-2024 ـ ومرفقاتها.pdf,شكوى,ك. إعادة فتح الشكوى الثانية 199058 ـ 13-11-1445 (7 ملفات),[مخرج آلي / Script Output - سماوي],[مخرج آلي يحتاج مراجعة بشرية - وردي]
1/1/1445,0,شكوى اسامة زيني الى وزير العدل ـ 13-011-1445 ـ 21-05-2024 ـ ومرفقاتها.pdf,شكوى,ك. إعادة فتح الشكوى الثانية 199058 ـ 13-11-1445 (7 ملفات),[مخرج آلي / Script Output - سماوي],[مخرج آلي يحتاج مراجعة بشرية - وردي]
12/05/1438,0,شكوى اسامة زيني الى وزير العدل ـ 13-011-1445 ـ 21-05-2024 ـ ومرفقاتها.pdf,شكوى,ك. إعادة فتح الشكوى الثانية 199058 ـ 13-11-1445 (7 ملفات),[مخرج آلي / Script Output - سماوي],[مخرج آلي يحتاج مراجعة بشرية - وردي]
12/5/1438,0,شكوى اسامة زيني الى وزير العدل ـ 13-011-1445 ـ 21-05-2024 ـ ومرفقاتها.pdf,شكوى,ك. إعادة فتح الشكوى الثانية 199058 ـ 13-11-1445 (7 ملفات),[مخرج آلي / Script Output - سماوي],[مخرج آلي يحتاج مراجعة بشرية - وردي]
25/07/1432,0,شكوى اسامة زيني الى وزير العدل ـ 13-011-1445 ـ 21-05-2024 ـ ومرفقاتها.pdf,شكوى,ك. إعادة فتح الشكوى الثانية 199058 ـ 13-11-1445 (7 ملفات),[مخرج آلي / Script Output - سماوي],[مخرج آلي يحتاج مراجعة بشرية - وردي]
4/3/1432,0,شكوى اسامة زيني الى وزير العدل ـ 13-011-1445 ـ 21-05-2024 ـ ومرفقاتها.pdf,شكوى,ك. إعادة فتح الشكوى الثانية 199058 ـ 13-11-1445 (7 ملفات),[مخرج آلي / Script Output - سماوي],[مخرج آلي يحتاج مراجعة بشرية - وردي]
8/6/1433,0,شكوى اسامة زيني الى وزير العدل ـ 13-011-1445 ـ 21-05-2024 ـ ومرفقاتها.pdf,شكوى,ك. إعادة فتح الشكوى الثانية 199058 ـ 13-11-1445 (7 ملفات),[مخرج آلي / Script Output - سماوي],[مخرج آلي يحتاج مراجعة بشرية - وردي]
2/12/1432,0,شكوى اسامة زيني الى وزير العدل ـ 13-011-1445 ـ 21-05-2024 ـ ومرفقاتها.pdf,شكوى,ك. إعادة فتح الشكوى الثانية 199058 ـ 13-11-1445 (7 ملفات),[مخرج آلي / Script Output - سماوي],[مخرج آلي يحتاج مراجعة بشرية - وردي]
02/04/1444,0,شكوى اسامة زيني الى وزير العدل ـ 13-011-1445 ـ 21-05-2024 ـ ومرفقاتها.pdf,شكوى,ك. إعادة فتح الشكوى الثانية 199058 ـ 13-11-1445 (7 ملفات),[مخرج آلي / Script Output - سماوي],[مخرج آلي يحتاج مراجعة بشرية - وردي]
10/11/1444,0,شكوى اسامة زيني الى وزير العدل ـ 13-011-1445 ـ 21-05-2024 ـ ومرفقاتها.pdf,شكوى,ك. إعادة فتح الشكوى الثانية 199058 ـ 13-11-1445 (7 ملفات),[مخرج آلي / Script Output - سماوي],[مخرج آلي يحتاج مراجعة بشرية - وردي]
01/08/1444,0,شكوى اسامة زيني الى وزير العدل ـ 13-011-1445 ـ 21-05-2024 ـ ومرفقاتها.pdf,شكوى,ك. إعادة فتح الشكوى الثانية 199058 ـ 13-11-1445 (7 ملفات),[مخرج آلي / Script Output - سماوي],[مخرج آلي يحتاج مراجعة بشرية - وردي]
22/10/1444,0,شكوى اسامة زيني الى وزير العدل ـ 13-011-1445 ـ 21-05-2024 ـ ومرفقاتها.pdf,شكوى,ك. إعادة فتح الشكوى الثانية 199058 ـ 13-11-1445 (7 ملفات),[مخرج آلي / Script Output - سماوي],[مخرج آلي يحتاج مراجعة بشرية - وردي]
16/10/1431,0,شكوى اسامة زيني الى وزير العدل ـ 13-011-1445 ـ 21-05-2024 ـ ومرفقاتها.pdf,شكوى,ك. إعادة فتح الشكوى الثانية 199058 ـ 13-11-1445 (7 ملفات),[مخرج آلي / Script Output - سماوي],[مخرج آلي يحتاج مراجعة بشرية - وردي]
1/12/1442,0,شكوى اسامة زيني الى وزير العدل ـ 13-011-1445 ـ 21-05-2024 ـ ومرفقاتها.pdf,شكوى,ك. إعادة فتح الشكوى الثانية 199058 ـ 13-11-1445 (7 ملفات),[مخرج آلي / Script Output - سماوي],[مخرج آلي يحتاج مراجعة بشرية - وردي]
11/4/1437,0,شكوى اسامة زيني الى وزير العدل ـ 13-011-1445 ـ 21-05-2024 ـ ومرفقاتها.pdf,شكوى,ك. إعادة فتح الشكوى الثانية 199058 ـ 13-11-1445 (7 ملفات),[مخرج آلي / Script Output - سماوي],[مخرج آلي يحتاج مراجعة بشرية - وردي]
09/11/1443,0,شكوى اسامة زيني الى وزير العدل ـ 13-011-1445 ـ 21-05-2024 ـ ومرفقاتها.pdf,شكوى,ك. إعادة فتح الشكوى الثانية 199058 ـ 13-11-1445 (7 ملفات),[مخرج آلي / Script Output - سماوي],[مخرج آلي يحتاج مراجعة بشرية - وردي]
21/11/1433,0,شكوى اسامة زيني الى وزير العدل ـ 13-011-1445 ـ 21-05-2024 ـ ومرفقاتها.pdf,شكوى,ك. إعادة فتح الشكوى الثانية 199058 ـ 13-11-1445 (7 ملفات),[مخرج آلي / Script Output - سماوي],[مخرج آلي يحتاج مراجعة بشرية - وردي]
10/2/1434,0,شكوى اسامة زيني الى وزير العدل ـ 13-011-1445 ـ 21-05-2024 ـ ومرفقاتها.pdf,شكوى,ك. إعادة فتح الشكوى الثانية 199058 ـ 13-11-1445 (7 ملفات),[مخرج آلي / Script Output - سماوي],[مخرج آلي يحتاج مراجعة بشرية - وردي]
11/11/1444,0,شكوى اسامة زيني الى وزير العدل ـ 13-011-1445 ـ 21-05-2024 ـ ومرفقاتها.pdf,شكوى,ك. إعادة فتح الشكوى الثانية 199058 ـ 13-11-1445 (7 ملفات),[مخرج آلي / Script Output - سماوي],[مخرج آلي يحتاج مراجعة بشرية - وردي]
02/12/1432,0,شكوى اسامة زيني الى وزير العدل ـ 13-011-1445 ـ 21-05-2024 ـ ومرفقاتها.pdf,شكوى,ك. إعادة فتح الشكوى الثانية 199058 ـ 13-11-1445 (7 ملفات),[مخرج آلي / Script Output - سماوي],[مخرج آلي يحتاج مراجعة بشرية - وردي]
20 / 3 / 1445,0,شكوى لوزير العدل 13-11-1445,شكوى,ك. إعادة فتح الشكوى الثانية 199058 ـ 13-11-1445 (7 ملفات),[مخرج آلي / Script Output - سماوي],[مخرج آلي يحتاج مراجعة بشرية - وردي]
26/11/1431,0,شكوى لوزير العدل 13-11-1445,شكوى,ك. إعادة فتح الشكوى الثانية 199058 ـ 13-11-1445 (7 ملفات),[مخرج آلي / Script Output - سماوي],[مخرج آلي يحتاج مراجعة بشرية - وردي]
29/02/1435,0,شكوى لوزير العدل 13-11-1445,شكوى,ك. إعادة فتح الشكوى الثانية 199058 ـ 13-11-1445 (7 ملفات),[مخرج آلي / Script Output - سماوي],[مخرج آلي يحتاج مراجعة بشرية - وردي]
08/04/1445,0,شكوى لوزير العدل 13-11-1445,شكوى,ك. إعادة فتح الشكوى الثانية 199058 ـ 13-11-1445 (7 ملفات),[مخرج آلي / Script Output - سماوي],[مخرج آلي يحتاج مراجعة بشرية - وردي]
16/03/1445,0,شكوى لوزير العدل 13-11-1445,شكوى,ك. إعادة فتح الشكوى الثانية 199058 ـ 13-11-1445 (7 ملفات),[مخرج آلي / Script Output - سماوي],[مخرج آلي يحتاج مراجعة بشرية - وردي]
26/7/1434,0,شكوى لوزير العدل 13-11-1445,شكوى,ك. إعادة فتح الشكوى الثانية 199058 ـ 13-11-1445 (7 ملفات),[مخرج آلي / Script Output - سماوي],[مخرج آلي يحتاج مراجعة بشرية - وردي]
18/11/1393,0,شكوى لوزير العدل 13-11-1445,شكوى,ك. إعادة فتح الشكوى الثانية 199058 ـ 13-11-1445 (7 ملفات),[مخرج آلي / Script Output - سماوي],[مخرج آلي يحتاج مراجعة بشرية - وردي]
21/04/1438,0,شكوى لوزير العدل 13-11-1445,شكوى,ك. إعادة فتح الشكوى الثانية 199058 ـ 13-11-1445 (7 ملفات),[مخرج آلي / Script Output - سماوي],[مخرج آلي يحتاج مراجعة بشرية - وردي]
20/09/1431,0,شكوى لوزير العدل 13-11-1445,شكوى,ك. إعادة فتح الشكوى الثانية 199058 ـ 13-11-1445 (7 ملفات),[مخرج آلي / Script Output - سماوي],[مخرج آلي يحتاج مراجعة بشرية - وردي]
1/1/1445,0,شكوى لوزير العدل 13-11-1445,شكوى,ك. إعادة فتح الشكوى الثانية 199058 ـ 13-11-1445 (7 ملفات),[مخرج آلي / Script Output - سماوي],[مخرج آلي يحتاج مراجعة بشرية - وردي]
12/05/1438,0,شكوى لوزير العدل 13-11-1445,شكوى,ك. إعادة فتح الشكوى الثانية 199058 ـ 13-11-1445 (7 ملفات),[مخرج آلي / Script Output - سماوي],[مخرج آلي يحتاج مراجعة بشرية - وردي]
12/5/1438,0,شكوى لوزير العدل 13-11-1445,شكوى,ك. إعادة فتح الشكوى الثانية 199058 ـ 13-11-1445 (7 ملفات),[مخرج آلي / Script Output - سماوي],[مخرج آلي يحتاج مراجعة بشرية - وردي]
25/07/1432,0,شكوى لوزير العدل 13-11-1445,شكوى,ك. إعادة فتح الشكوى الثانية 199058 ـ 13-11-1445 (7 ملفات),[مخرج آلي / Script Output - سماوي],[مخرج آلي يحتاج مراجعة بشرية - وردي]
4/3/1432,0,شكوى لوزير العدل 13-11-1445,شكوى,ك. إعادة فتح الشكوى الثانية 199058 ـ 13-11-1445 (7 ملفات),[مخرج آلي / Script Output - سماوي],[مخرج آلي يحتاج مراجعة بشرية - وردي]
8/6/1433,0,شكوى لوزير العدل 13-11-1445,شكوى,ك. إعادة فتح الشكوى الثانية 199058 ـ 13-11-1445 (7 ملفات),[مخرج آلي / Script Output - سماوي],[مخرج آلي يحتاج مراجعة بشرية - وردي]
2/12/1432,0,شكوى لوزير العدل 13-11-1445,شكوى,ك. إعادة فتح الشكوى الثانية 199058 ـ 13-11-1445 (7 ملفات),[مخرج آلي / Script Output - سماوي],[مخرج آلي يحتاج مراجعة بشرية - وردي]
02/04/1444,0,شكوى لوزير العدل 13-11-1445,شكوى,ك. إعادة فتح الشكوى الثانية 199058 ـ 13-11-1445 (7 ملفات),[مخرج آلي / Script Output - سماوي],[مخرج آلي يحتاج مراجعة بشرية - وردي]
10/11/1444,0,شكوى لوزير العدل 13-11-1445,شكوى,ك. إعادة فتح الشكوى الثانية 199058 ـ 13-11-1445 (7 ملفات),[مخرج آلي / Script Output - سماوي],[مخرج آلي يحتاج مراجعة بشرية - وردي]
01/08/1444,0,شكوى لوزير العدل 13-11-1445,شكوى,ك. إعادة فتح الشكوى الثانية 199058 ـ 13-11-1445 (7 ملفات),[مخرج آلي / Script Output - سماوي],[مخرج آلي يحتاج مراجعة بشرية - وردي]
22/10/1444,0,شكوى لوزير العدل 13-11-1445,شكوى,ك. إعادة فتح الشكوى الثانية 199058 ـ 13-11-1445 (7 ملفات),[مخرج آلي / Script Output - سماوي],[مخرج آلي يحتاج مراجعة بشرية - وردي]
16/10/1431,0,شكوى لوزير العدل 13-11-1445,شكوى,ك. إعادة فتح الشكوى الثانية 199058 ـ 13-11-1445 (7 ملفات),[مخرج آلي / Script Output - سماوي],[مخرج آلي يحتاج مراجعة بشرية - وردي]
1/12/1442,0,شكوى لوزير العدل 13-11-1445,شكوى,ك. إعادة فتح الشكوى الثانية 199058 ـ 13-11-1445 (7 ملفات),[مخرج آلي / Script Output - سماوي],[مخرج آلي يحتاج مراجعة بشرية - وردي]
11/4/1437,0,شكوى لوزير العدل 13-11-1445,شكوى,ك. إعادة فتح الشكوى الثانية 199058 ـ 13-11-1445 (7 ملفات),[مخرج آلي / Script Output - سماوي],[مخرج آلي يحتاج مراجعة بشرية - وردي]
09/11/1443,0,شكوى لوزير العدل 13-11-1445,شكوى,ك. إعادة فتح الشكوى الثانية 199058 ـ 13-11-1445 (7 ملفات),[مخرج آلي / Script Output - سماوي],[مخرج آلي يحتاج مراجعة بشرية - وردي]
21/11/1433,0,شكوى لوزير العدل 13-11-1445,شكوى,ك. إعادة فتح الشكوى الثانية 199058 ـ 13-11-1445 (7 ملفات),[مخرج آلي / Script Output - سماوي],[مخرج آلي يحتاج مراجعة بشرية - وردي]
10/2/1434,0,شكوى لوزير العدل 13-11-1445,شكوى,ك. إعادة فتح الشكوى الثانية 199058 ـ 13-11-1445 (7 ملفات),[مخرج آلي / Script Output - سماوي],[مخرج آلي يحتاج مراجعة بشرية - وردي]
11/11/1444,0,شكوى لوزير العدل 13-11-1445,شكوى,ك. إعادة فتح الشكوى الثانية 199058 ـ 13-11-1445 (7 ملفات),[مخرج آلي / Script Output - سماوي],[مخرج آلي يحتاج مراجعة بشرية - وردي]
02/12/1432,0,شكوى لوزير العدل 13-11-1445,شكوى,ك. إعادة فتح الشكوى الثانية 199058 ـ 13-11-1445 (7 ملفات),[مخرج آلي / Script Output - سماوي],[مخرج آلي يحتاج مراجعة بشرية - وردي]
26 / 04 / 1446,0,شكوى اسامة زيني الى وزير العدل ـ 26-04-1446 ـ 29-10-2024 ـ ومرفقاتها.pdf,شكوى,ل. الشكوى الثالثة لوزير العدل ـ 26-04-1446 (7 ملفات),[مخرج آلي / Script Output - سماوي],[مخرج آلي يحتاج مراجعة بشرية - وردي]
20 / 3 / 1445,0,شكوى اسامة زيني الى وزير العدل ـ 26-04-1446 ـ 29-10-2024 ـ ومرفقاتها.pdf,شكوى,ل. الشكوى الثالثة لوزير العدل ـ 26-04-1446 (7 ملفات),[مخرج آلي / Script Output - سماوي],[مخرج آلي يحتاج مراجعة بشرية - وردي]
26/11/1431,0,شكوى اسامة زيني الى وزير العدل ـ 26-04-1446 ـ 29-10-2024 ـ ومرفقاتها.pdf,شكوى,ل. الشكوى الثالثة لوزير العدل ـ 26-04-1446 (7 ملفات),[مخرج آلي / Script Output - سماوي],[مخرج آلي يحتاج مراجعة بشرية - وردي]
29/02/1435,0,شكوى اسامة زيني الى وزير العدل ـ 26-04-1446 ـ 29-10-2024 ـ ومرفقاتها.pdf,شكوى,ل. الشكوى الثالثة لوزير العدل ـ 26-04-1446 (7 ملفات),[مخرج آلي / Script Output - سماوي],[مخرج آلي يحتاج مراجعة بشرية - وردي]
08/04/1445,0,شكوى اسامة زيني الى وزير العدل ـ 26-04-1446 ـ 29-10-2024 ـ ومرفقاتها.pdf,شكوى,ل. الشكوى الثالثة لوزير العدل ـ 26-04-1446 (7 ملفات),[مخرج آلي / Script Output - سماوي],[مخرج آلي يحتاج مراجعة بشرية - وردي]
16/03/1445,0,شكوى اسامة زيني الى وزير العدل ـ 26-04-1446 ـ 29-10-2024 ـ ومرفقاتها.pdf,شكوى,ل. الشكوى الثالثة لوزير العدل ـ 26-04-1446 (7 ملفات),[مخرج آلي / Script Output - سماوي],[مخرج آلي يحتاج مراجعة بشرية - وردي]
26/7/1434,0,شكوى اسامة زيني الى وزير العدل ـ 26-04-1446 ـ 29-10-2024 ـ ومرفقاتها.pdf,شكوى,ل. الشكوى الثالثة لوزير العدل ـ 26-04-1446 (7 ملفات),[مخرج آلي / Script Output - سماوي],[مخرج آلي يحتاج مراجعة بشرية - وردي]
18/11/1393,0,شكوى اسامة زيني الى وزير العدل ـ 26-04-1446 ـ 29-10-2024 ـ ومرفقاتها.pdf,شكوى,ل. الشكوى الثالثة لوزير العدل ـ 26-04-1446 (7 ملفات),[مخرج آلي / Script Output - سماوي],[مخرج آلي يحتاج مراجعة بشرية - وردي]
21/04/1438,0,شكوى اسامة زيني الى وزير العدل ـ 26-04-1446 ـ 29-10-2024 ـ ومرفقاتها.pdf,شكوى,ل. الشكوى الثالثة لوزير العدل ـ 26-04-1446 (7 ملفات),[مخرج آلي / Script Output - سماوي],[مخرج آلي يحتاج مراجعة بشرية - وردي]
20/09/1431,0,شكوى اسامة زيني الى وزير العدل ـ 26-04-1446 ـ 29-10-2024 ـ ومرفقاتها.pdf,شكوى,ل. الشكوى الثالثة لوزير العدل ـ 26-04-1446 (7 ملفات),[مخرج آلي / Script Output - سماوي],[مخرج آلي يحتاج مراجعة بشرية - وردي]
1/1/1445,0,شكوى اسامة زيني الى وزير العدل ـ 26-04-1446 ـ 29-10-2024 ـ ومرفقاتها.pdf,شكوى,ل. الشكوى الثالثة لوزير العدل ـ 26-04-1446 (7 ملفات),[مخرج آلي / Script Output - سماوي],[مخرج آلي يحتاج مراجعة بشرية - وردي]
12/05/1438,0,شكوى اسامة زيني الى وزير العدل ـ 26-04-1446 ـ 29-10-2024 ـ ومرفقاتها.pdf,شكوى,ل. الشكوى الثالثة لوزير العدل ـ 26-04-1446 (7 ملفات),[مخرج آلي / Script Output - سماوي],[مخرج آلي يحتاج مراجعة بشرية - وردي]
12/5/1438,0,شكوى اسامة زيني الى وزير العدل ـ 26-04-1446 ـ 29-10-2024 ـ ومرفقاتها.pdf,شكوى,ل. الشكوى الثالثة لوزير العدل ـ 26-04-1446 (7 ملفات),[مخرج آلي / Script Output - سماوي],[مخرج آلي يحتاج مراجعة بشرية - وردي]
25/07/1432,0,شكوى اسامة زيني الى وزير العدل ـ 26-04-1446 ـ 29-10-2024 ـ ومرفقاتها.pdf,شكوى,ل. الشكوى الثالثة لوزير العدل ـ 26-04-1446 (7 ملفات),[مخرج آلي / Script Output - سماوي],[مخرج آلي يحتاج مراجعة بشرية - وردي]
4/3/1432,0,شكوى اسامة زيني الى وزير العدل ـ 26-04-1446 ـ 29-10-2024 ـ ومرفقاتها.pdf,شكوى,ل. الشكوى الثالثة لوزير العدل ـ 26-04-1446 (7 ملفات),[مخرج آلي / Script Output - سماوي],[مخرج آلي يحتاج مراجعة بشرية - وردي]
8/6/1433,0,شكوى اسامة زيني الى وزير العدل ـ 26-04-1446 ـ 29-10-2024 ـ ومرفقاتها.pdf,شكوى,ل. الشكوى الثالثة لوزير العدل ـ 26-04-1446 (7 ملفات),[مخرج آلي / Script Output - سماوي],[مخرج آلي يحتاج مراجعة بشرية - وردي]
2/12/1432,0,شكوى اسامة زيني الى وزير العدل ـ 26-04-1446 ـ 29-10-2024 ـ ومرفقاتها.pdf,شكوى,ل. الشكوى الثالثة لوزير العدل ـ 26-04-1446 (7 ملفات),[مخرج آلي / Script Output - سماوي],[مخرج آلي يحتاج مراجعة بشرية - وردي]
02/04/1444,0,شكوى اسامة زيني الى وزير العدل ـ 26-04-1446 ـ 29-10-2024 ـ ومرفقاتها.pdf,شكوى,ل. الشكوى الثالثة لوزير العدل ـ 26-04-1446 (7 ملفات),[مخرج آلي / Script Output - سماوي],[مخرج آلي يحتاج مراجعة بشرية - وردي]
10/11/1444,0,شكوى اسامة زيني الى وزير العدل ـ 26-04-1446 ـ 29-10-2024 ـ ومرفقاتها.pdf,شكوى,ل. الشكوى الثالثة لوزير العدل ـ 26-04-1446 (7 ملفات),[مخرج آلي / Script Output - سماوي],[مخرج آلي يحتاج مراجعة بشرية - وردي]
01/08/1444,0,شكوى اسامة زيني الى وزير العدل ـ 26-04-1446 ـ 29-10-2024 ـ ومرفقاتها.pdf,شكوى,ل. الشكوى الثالثة لوزير العدل ـ 26-04-1446 (7 ملفات),[مخرج آلي / Script Output - سماوي],[مخرج آلي يحتاج مراجعة بشرية - وردي]
22/10/1444,0,شكوى اسامة زيني الى وزير العدل ـ 26-04-1446 ـ 29-10-2024 ـ ومرفقاتها.pdf,شكوى,ل. الشكوى الثالثة لوزير العدل ـ 26-04-1446 (7 ملفات),[مخرج آلي / Script Output - سماوي],[مخرج آلي يحتاج مراجعة بشرية - وردي]
16/10/1431,0,شكوى اسامة زيني الى وزير العدل ـ 26-04-1446 ـ 29-10-2024 ـ ومرفقاتها.pdf,شكوى,ل. الشكوى الثالثة لوزير العدل ـ 26-04-1446 (7 ملفات),[مخرج آلي / Script Output - سماوي],[مخرج آلي يحتاج مراجعة بشرية - وردي]
1/12/1442,0,شكوى اسامة زيني الى وزير العدل ـ 26-04-1446 ـ 29-10-2024 ـ ومرفقاتها.pdf,شكوى,ل. الشكوى الثالثة لوزير العدل ـ 26-04-1446 (7 ملفات),[مخرج آلي / Script Output - سماوي],[مخرج آلي يحتاج مراجعة بشرية - وردي]
11/4/1437,0,شكوى اسامة زيني الى وزير العدل ـ 26-04-1446 ـ 29-10-2024 ـ ومرفقاتها.pdf,شكوى,ل. الشكوى الثالثة لوزير العدل ـ 26-04-1446 (7 ملفات),[مخرج آلي / Script Output - سماوي],[مخرج آلي يحتاج مراجعة بشرية - وردي]
09/11/1443,0,شكوى اسامة زيني الى وزير العدل ـ 26-04-1446 ـ 29-10-2024 ـ ومرفقاتها.pdf,شكوى,ل. الشكوى الثالثة لوزير العدل ـ 26-04-1446 (7 ملفات),[مخرج آلي / Script Output - سماوي],[مخرج آلي يحتاج مراجعة بشرية - وردي]
21/11/1433,0,شكوى اسامة زيني الى وزير العدل ـ 26-04-1446 ـ 29-10-2024 ـ ومرفقاتها.pdf,شكوى,ل. الشكوى الثالثة لوزير العدل ـ 26-04-1446 (7 ملفات),[مخرج آلي / Script Output - سماوي],[مخرج آلي يحتاج مراجعة بشرية - وردي]
10/2/1434,0,شكوى اسامة زيني الى وزير العدل ـ 26-04-1446 ـ 29-10-2024 ـ ومرفقاتها.pdf,شكوى,ل. الشكوى الثالثة لوزير العدل ـ 26-04-1446 (7 ملفات),[مخرج آلي / Script Output - سماوي],[مخرج آلي يحتاج مراجعة بشرية - وردي]
11/11/1444,0,شكوى اسامة زيني الى وزير العدل ـ 26-04-1446 ـ 29-10-2024 ـ ومرفقاتها.pdf,شكوى,ل. الشكوى الثالثة لوزير العدل ـ 26-04-1446 (7 ملفات),[مخرج آلي / Script Output - سماوي],[مخرج آلي يحتاج مراجعة بشرية - وردي]
02/12/1432,0,شكوى اسامة زيني الى وزير العدل ـ 26-04-1446 ـ 29-10-2024 ـ ومرفقاتها.pdf,شكوى,ل. الشكوى الثالثة لوزير العدل ـ 26-04-1446 (7 ملفات),[مخرج آلي / Script Output - سماوي],[مخرج آلي يحتاج مراجعة بشرية - وردي]
25/12/1442,0,صفحة 1 من تقديم الشكوى,شكوى,ل. الشكوى الثالثة لوزير العدل ـ 26-04-1446 (7 ملفات),[مخرج آلي / Script Output - سماوي],[مخرج آلي يحتاج مراجعة بشرية - وردي]
27-04-1446,0,الشكوى الرابعة (وورد),شكوى,م. الشكوى الرابعة لوزير العدل ـ 09-06-1446 (ملفان),[مخرج آلي / Script Output - سماوي],[مخرج آلي يحتاج مراجعة بشرية - وردي]
20 / 3 / 1445,0,الشكوى الرابعة,شكوى,م. الشكوى الرابعة لوزير العدل ـ 09-06-1446 (ملفان),[مخرج آلي / Script Output - سماوي],[مخرج آلي يحتاج مراجعة بشرية - وردي]
26/11/1431,0,الشكوى الرابعة,شكوى,م. الشكوى الرابعة لوزير العدل ـ 09-06-1446 (ملفان),[مخرج آلي / Script Output - سماوي],[مخرج آلي يحتاج مراجعة بشرية - وردي]
29/02/1435,0,الشكوى الرابعة,شكوى,م. الشكوى الرابعة لوزير العدل ـ 09-06-1446 (ملفان),[مخرج آلي / Script Output - سماوي],[مخرج آلي يحتاج مراجعة بشرية - وردي]
08/04/1445,0,الشكوى الرابعة,شكوى,م. الشكوى الرابعة لوزير العدل ـ 09-06-1446 (ملفان),[مخرج آلي / Script Output - سماوي],[مخرج آلي يحتاج مراجعة بشرية - وردي]
16/03/1445,0,الشكوى الرابعة,شكوى,م. الشكوى الرابعة لوزير العدل ـ 09-06-1446 (ملفان),[مخرج آلي / Script Output - سماوي],[مخرج آلي يحتاج مراجعة بشرية - وردي]
26/7/1434,0,الشكوى الرابعة,شكوى,م. الشكوى الرابعة لوزير العدل ـ 09-06-1446 (ملفان),[مخرج آلي / Script Output - سماوي],[مخرج آلي يحتاج مراجعة بشرية - وردي]
18/11/1393,0,الشكوى الرابعة,شكوى,م. الشكوى الرابعة لوزير العدل ـ 09-06-1446 (ملفان),[مخرج آلي / Script Output - سماوي],[مخرج آلي يحتاج مراجعة بشرية - وردي]
21/04/1438,0,الشكوى الرابعة,شكوى,م. الشكوى الرابعة لوزير العدل ـ 09-06-1446 (ملفان),[مخرج آلي / Script Output - سماوي],[مخرج آلي يحتاج مراجعة بشرية - وردي]
20/09/1431,0,الشكوى الرابعة,شكوى,م. الشكوى الرابعة لوزير العدل ـ 09-06-1446 (ملفان),[مخرج آلي / Script Output - سماوي],[مخرج آلي يحتاج مراجعة بشرية - وردي]
1/1/1445,0,الشكوى الرابعة,شكوى,م. الشكوى الرابعة لوزير العدل ـ 09-06-1446 (ملفان),[مخرج آلي / Script Output - سماوي],[مخرج آلي يحتاج مراجعة بشرية - وردي]
12/05/1438,0,الشكوى الرابعة,شكوى,م. الشكوى الرابعة لوزير العدل ـ 09-06-1446 (ملفان),[مخرج آلي / Script Output - سماوي],[مخرج آلي يحتاج مراجعة بشرية - وردي]
12/5/1438,0,الشكوى الرابعة,شكوى,م. الشكوى الرابعة لوزير العدل ـ 09-06-1446 (ملفان),[مخرج آلي / Script Output - سماوي],[مخرج آلي يحتاج مراجعة بشرية - وردي]
25/07/1432,0,الشكوى الرابعة,شكوى,م. الشكوى الرابعة لوزير العدل ـ 09-06-1446 (ملفان),[مخرج آلي / Script Output - سماوي],[مخرج آلي يحتاج مراجعة بشرية - وردي]
4/3/1432,0,الشكوى الرابعة,شكوى,م. الشكوى الرابعة لوزير العدل ـ 09-06-1446 (ملفان),[مخرج آلي / Script Output - سماوي],[مخرج آلي يحتاج مراجعة بشرية - وردي]
8/6/1433,0,الشكوى الرابعة,شكوى,م. الشكوى الرابعة لوزير العدل ـ 09-06-1446 (ملفان),[مخرج آلي / Script Output - سماوي],[مخرج آلي يحتاج مراجعة بشرية - وردي]
2/12/1432,0,الشكوى الرابعة,شكوى,م. الشكوى الرابعة لوزير العدل ـ 09-06-1446 (ملفان),[مخرج آلي / Script Output - سماوي],[مخرج آلي يحتاج مراجعة بشرية - وردي]
02/04/1444,0,الشكوى الرابعة,شكوى,م. الشكوى الرابعة لوزير العدل ـ 09-06-1446 (ملفان),[مخرج آلي / Script Output - سماوي],[مخرج آلي يحتاج مراجعة بشرية - وردي]
10/11/1444,0,الشكوى الرابعة,شكوى,م. الشكوى الرابعة لوزير العدل ـ 09-06-1446 (ملفان),[مخرج آلي / Script Output - سماوي],[مخرج آلي يحتاج مراجعة بشرية - وردي]
01/08/1444,0,الشكوى الرابعة,شكوى,م. الشكوى الرابعة لوزير العدل ـ 09-06-1446 (ملفان),[مخرج آلي / Script Output - سماوي],[مخرج آلي يحتاج مراجعة بشرية - وردي]
22/10/1444,0,الشكوى الرابعة,شكوى,م. الشكوى الرابعة لوزير العدل ـ 09-06-1446 (ملفان),[مخرج آلي / Script Output - سماوي],[مخرج آلي يحتاج مراجعة بشرية - وردي]
16/10/1431,0,الشكوى الرابعة,شكوى,م. الشكوى الرابعة لوزير العدل ـ 09-06-1446 (ملفان),[مخرج آلي / Script Output - سماوي],[مخرج آلي يحتاج مراجعة بشرية - وردي]
1/12/1442,0,الشكوى الرابعة,شكوى,م. الشكوى الرابعة لوزير العدل ـ 09-06-1446 (ملفان),[مخرج آلي / Script Output - سماوي],[مخرج آلي يحتاج مراجعة بشرية - وردي]
11/4/1437,0,الشكوى الرابعة,شكوى,م. الشكوى الرابعة لوزير العدل ـ 09-06-1446 (ملفان),[مخرج آلي / Script Output - سماوي],[مخرج آلي يحتاج مراجعة بشرية - وردي]
09/11/1443,0,الشكوى الرابعة,شكوى,م. الشكوى الرابعة لوزير العدل ـ 09-06-1446 (ملفان),[مخرج آلي / Script Output - سماوي],[مخرج آلي يحتاج مراجعة بشرية - وردي]
21/11/1433,0,الشكوى الرابعة,شكوى,م. الشكوى الرابعة لوزير العدل ـ 09-06-1446 (ملفان),[مخرج آلي / Script Output - سماوي],[مخرج آلي يحتاج مراجعة بشرية - وردي]
10/2/1434,0,الشكوى الرابعة,شكوى,م. الشكوى الرابعة لوزير العدل ـ 09-06-1446 (ملفان),[مخرج آلي / Script Output - سماوي],[مخرج آلي يحتاج مراجعة بشرية - وردي]
11/11/1444,0,الشكوى الرابعة,شكوى,م. الشكوى الرابعة لوزير العدل ـ 09-06-1446 (ملفان),[مخرج آلي / Script Output - سماوي],[مخرج آلي يحتاج مراجعة بشرية - وردي]
02/12/1432,0,الشكوى الرابعة,شكوى,م. الشكوى الرابعة لوزير العدل ـ 09-06-1446 (ملفان),[مخرج آلي / Script Output - سماوي],[مخرج آلي يحتاج مراجعة بشرية - وردي]
18/8/1434,0,الشكوى ومرفقاتها,شكوى,ن. شكوى أسامة زيني إلى ولي العهد ـ 17-11-1445 (9 ملفات),[مخرج آلي / Script Output - سماوي],[مخرج آلي يحتاج مراجعة بشرية - وردي]
24/09/1434,0,الشكوى ومرفقاتها,شكوى,ن. شكوى أسامة زيني إلى ولي العهد ـ 17-11-1445 (9 ملفات),[مخرج آلي / Script Output - سماوي],[مخرج آلي يحتاج مراجعة بشرية - وردي]
26/11/1436,0,الشكوى ومرفقاتها,شكوى,ن. شكوى أسامة زيني إلى ولي العهد ـ 17-11-1445 (9 ملفات),[مخرج آلي / Script Output - سماوي],[مخرج آلي يحتاج مراجعة بشرية - وردي]
20 / 3 / 1445,0,مرفقات الشكوى,شكوى,ن. شكوى أسامة زيني إلى ولي العهد ـ 17-11-1445 (9 ملفات),[مخرج آلي / Script Output - سماوي],[مخرج آلي يحتاج مراجعة بشرية - وردي]
26/11/1431,0,مرفقات الشكوى,شكوى,ن. شكوى أسامة زيني إلى ولي العهد ـ 17-11-1445 (9 ملفات),[مخرج آلي / Script Output - سماوي],[مخرج آلي يحتاج مراجعة بشرية - وردي]
29/02/1435,0,مرفقات الشكوى,شكوى,ن. شكوى أسامة زيني إلى ولي العهد ـ 17-11-1445 (9 ملفات),[مخرج آلي / Script Output - سماوي],[مخرج آلي يحتاج مراجعة بشرية - وردي]
08/04/1445,0,مرفقات الشكوى,شكوى,ن. شكوى أسامة زيني إلى ولي العهد ـ 17-11-1445 (9 ملفات),[مخرج آلي / Script Output - سماوي],[مخرج آلي يحتاج مراجعة بشرية - وردي]
16/03/1445,0,مرفقات الشكوى,شكوى,ن. شكوى أسامة زيني إلى ولي العهد ـ 17-11-1445 (9 ملفات),[مخرج آلي / Script Output - سماوي],[مخرج آلي يحتاج مراجعة بشرية - وردي]
26/7/1434,0,مرفقات الشكوى,شكوى,ن. شكوى أسامة زيني إلى ولي العهد ـ 17-11-1445 (9 ملفات),[مخرج آلي / Script Output - سماوي],[مخرج آلي يحتاج مراجعة بشرية - وردي]
18/11/1393,0,مرفقات الشكوى,شكوى,ن. شكوى أسامة زيني إلى ولي العهد ـ 17-11-1445 (9 ملفات),[مخرج آلي / Script Output - سماوي],[مخرج آلي يحتاج مراجعة بشرية - وردي]
21/04/1438,0,مرفقات الشكوى,شكوى,ن. شكوى أسامة زيني إلى ولي العهد ـ 17-11-1445 (9 ملفات),[مخرج آلي / Script Output - سماوي],[مخرج آلي يحتاج مراجعة بشرية - وردي]
20/09/1431,0,مرفقات الشكوى,شكوى,ن. شكوى أسامة زيني إلى ولي العهد ـ 17-11-1445 (9 ملفات),[مخرج آلي / Script Output - سماوي],[مخرج آلي يحتاج مراجعة بشرية - وردي]
1/1/1445,0,مرفقات الشكوى,شكوى,ن. شكوى أسامة زيني إلى ولي العهد ـ 17-11-1445 (9 ملفات),[مخرج آلي / Script Output - سماوي],[مخرج آلي يحتاج مراجعة بشرية - وردي]
12/05/1438,0,مرفقات الشكوى,شكوى,ن. شكوى أسامة زيني إلى ولي العهد ـ 17-11-1445 (9 ملفات),[مخرج آلي / Script Output - سماوي],[مخرج آلي يحتاج مراجعة بشرية - وردي]
12/5/1438,0,مرفقات الشكوى,شكوى,ن. شكوى أسامة زيني إلى ولي العهد ـ 17-11-1445 (9 ملفات),[مخرج آلي / Script Output - سماوي],[مخرج آلي يحتاج مراجعة بشرية - وردي]
25/07/1432,0,مرفقات الشكوى,شكوى,ن. شكوى أسامة زيني إلى ولي العهد ـ 17-11-1445 (9 ملفات),[مخرج آلي / Script Output - سماوي],[مخرج آلي يحتاج مراجعة بشرية - وردي]
4/3/1432,0,مرفقات الشكوى,شكوى,ن. شكوى أسامة زيني إلى ولي العهد ـ 17-11-1445 (9 ملفات),[مخرج آلي / Script Output - سماوي],[مخرج آلي يحتاج مراجعة بشرية - وردي]
8/6/1433,0,مرفقات الشكوى,شكوى,ن. شكوى أسامة زيني إلى ولي العهد ـ 17-11-1445 (9 ملفات),[مخرج آلي / Script Output - سماوي],[مخرج آلي يحتاج مراجعة بشرية - وردي]
2/12/1432,0,مرفقات الشكوى,شكوى,ن. شكوى أسامة زيني إلى ولي العهد ـ 17-11-1445 (9 ملفات),[مخرج آلي / Script Output - سماوي],[مخرج آلي يحتاج مراجعة بشرية - وردي]
02/04/1444,0,مرفقات الشكوى,شكوى,ن. شكوى أسامة زيني إلى ولي العهد ـ 17-11-1445 (9 ملفات),[مخرج آلي / Script Output - سماوي],[مخرج آلي يحتاج مراجعة بشرية - وردي]
10/11/1444,0,مرفقات الشكوى,شكوى,ن. شكوى أسامة زيني إلى ولي العهد ـ 17-11-1445 (9 ملفات),[مخرج آلي / Script Output - سماوي],[مخرج آلي يحتاج مراجعة بشرية - وردي]
01/08/1444,0,مرفقات الشكوى,شكوى,ن. شكوى أسامة زيني إلى ولي العهد ـ 17-11-1445 (9 ملفات),[مخرج آلي / Script Output - سماوي],[مخرج آلي يحتاج مراجعة بشرية - وردي]
22/10/1444,0,مرفقات الشكوى,شكوى,ن. شكوى أسامة زيني إلى ولي العهد ـ 17-11-1445 (9 ملفات),[مخرج آلي / Script Output - سماوي],[مخرج آلي يحتاج مراجعة بشرية - وردي]
16/10/1431,0,مرفقات الشكوى,شكوى,ن. شكوى أسامة زيني إلى ولي العهد ـ 17-11-1445 (9 ملفات),[مخرج آلي / Script Output - سماوي],[مخرج آلي يحتاج مراجعة بشرية - وردي]
1/12/1442,0,مرفقات الشكوى,شكوى,ن. شكوى أسامة زيني إلى ولي العهد ـ 17-11-1445 (9 ملفات),[مخرج آلي / Script Output - سماوي],[مخرج آلي يحتاج مراجعة بشرية - وردي]
11/4/1437,0,مرفقات الشكوى,شكوى,ن. شكوى أسامة زيني إلى ولي العهد ـ 17-11-1445 (9 ملفات),[مخرج آلي / Script Output - سماوي],[مخرج آلي يحتاج مراجعة بشرية - وردي]
09/11/1443,0,مرفقات الشكوى,شكوى,ن. شكوى أسامة زيني إلى ولي العهد ـ 17-11-1445 (9 ملفات),[مخرج آلي / Script Output - سماوي],[مخرج آلي يحتاج مراجعة بشرية - وردي]
21/11/1433,0,مرفقات الشكوى,شكوى,ن. شكوى أسامة زيني إلى ولي العهد ـ 17-11-1445 (9 ملفات),[مخرج آلي / Script Output - سماوي],[مخرج آلي يحتاج مراجعة بشرية - وردي]
10/2/1434,0,مرفقات الشكوى,شكوى,ن. شكوى أسامة زيني إلى ولي العهد ـ 17-11-1445 (9 ملفات),[مخرج آلي / Script Output - سماوي],[مخرج آلي يحتاج مراجعة بشرية - وردي]
11/11/1444,0,مرفقات الشكوى,شكوى,ن. شكوى أسامة زيني إلى ولي العهد ـ 17-11-1445 (9 ملفات),[مخرج آلي / Script Output - سماوي],[مخرج آلي يحتاج مراجعة بشرية - وردي]
02/12/1432,0,مرفقات الشكوى,شكوى,ن. شكوى أسامة زيني إلى ولي العهد ـ 17-11-1445 (9 ملفات),[مخرج آلي / Script Output - سماوي],[مخرج آلي يحتاج مراجعة بشرية - وردي]
10/ 2/ 1438,0,مرفقات الشكوى,شكوى,ن. شكوى أسامة زيني إلى ولي العهد ـ 17-11-1445 (9 ملفات),[مخرج آلي / Script Output - سماوي],[مخرج آلي يحتاج مراجعة بشرية - وردي]
1/ 12/ 1442,0,مرفقات الشكوى,شكوى,ن. شكوى أسامة زيني إلى ولي العهد ـ 17-11-1445 (9 ملفات),[مخرج آلي / Script Output - سماوي],[مخرج آلي يحتاج مراجعة بشرية - وردي]
14/ 10/ 1427,0,مرفقات الشكوى,شكوى,ن. شكوى أسامة زيني إلى ولي العهد ـ 17-11-1445 (9 ملفات),[مخرج آلي / Script Output - سماوي],[مخرج آلي يحتاج مراجعة بشرية - وردي]
6/ 11/ 1429,0,مرفقات الشكوى,شكوى,ن. شكوى أسامة زيني إلى ولي العهد ـ 17-11-1445 (9 ملفات),[مخرج آلي / Script Output - سماوي],[مخرج آلي يحتاج مراجعة بشرية - وردي]
14/ 3/ 1428,0,مرفقات الشكوى,شكوى,ن. شكوى أسامة زيني إلى ولي العهد ـ 17-11-1445 (9 ملفات),[مخرج آلي / Script Output - سماوي],[مخرج آلي يحتاج مراجعة بشرية - وردي]
20/ 09/ 1431,0,مرفقات الشكوى,شكوى,ن. شكوى أسامة زيني إلى ولي العهد ـ 17-11-1445 (9 ملفات),[مخرج آلي / Script Output - سماوي],[مخرج آلي يحتاج مراجعة بشرية - وردي]
3/ 12/ 1429,0,مرفقات الشكوى,شكوى,ن. شكوى أسامة زيني إلى ولي العهد ـ 17-11-1445 (9 ملفات),[مخرج آلي / Script Output - سماوي],[مخرج آلي يحتاج مراجعة بشرية - وردي]
10/ 2/ 1434,0,مرفقات الشكوى,شكوى,ن. شكوى أسامة زيني إلى ولي العهد ـ 17-11-1445 (9 ملفات),[مخرج آلي / Script Output - سماوي],[مخرج آلي يحتاج مراجعة بشرية - وردي]
2/ 12/ 1432,0,مرفقات الشكوى,شكوى,ن. شكوى أسامة زيني إلى ولي العهد ـ 17-11-1445 (9 ملفات),[مخرج آلي / Script Output - سماوي],[مخرج آلي يحتاج مراجعة بشرية - وردي]
06/ 11/ 1442,0,مرفقات الشكوى,شكوى,ن. شكوى أسامة زيني إلى ولي العهد ـ 17-11-1445 (9 ملفات),[مخرج آلي / Script Output - سماوي],[مخرج آلي يحتاج مراجعة بشرية - وردي]
01/ 09/ 1442,0,مرفقات الشكوى,شكوى,ن. شكوى أسامة زيني إلى ولي العهد ـ 17-11-1445 (9 ملفات),[مخرج آلي / Script Output - سماوي],[مخرج آلي يحتاج مراجعة بشرية - وردي]
25/ 2/ 1445,0,مرفقات الشكوى,شكوى,ن. شكوى أسامة زيني إلى ولي العهد ـ 17-11-1445 (9 ملفات),[مخرج آلي / Script Output - سماوي],[مخرج آلي يحتاج مراجعة بشرية - وردي]
20/ 9/ 1431,0,مرفقات الشكوى,شكوى,ن. شكوى أسامة زيني إلى ولي العهد ـ 17-11-1445 (9 ملفات),[مخرج آلي / Script Output - سماوي],[مخرج آلي يحتاج مراجعة بشرية - وردي]
16/ 10/ 1431,0,مرفقات الشكوى,شكوى,ن. شكوى أسامة زيني إلى ولي العهد ـ 17-11-1445 (9 ملفات),[مخرج آلي / Script Output - سماوي],[مخرج آلي يحتاج مراجعة بشرية - وردي]
3/ 11/ 1431,0,مرفقات الشكوى,شكوى,ن. شكوى أسامة زيني إلى ولي العهد ـ 17-11-1445 (9 ملفات),[مخرج آلي / Script Output - سماوي],[مخرج آلي يحتاج مراجعة بشرية - وردي]
18/ 2/ 1432,0,مرفقات الشكوى,شكوى,ن. شكوى أسامة زيني إلى ولي العهد ـ 17-11-1445 (9 ملفات),[مخرج آلي / Script Output - سماوي],[مخرج آلي يحتاج مراجعة بشرية - وردي]
8/ 6/ 1432,0,مرفقات الشكوى,شكوى,ن. شكوى أسامة زيني إلى ولي العهد ـ 17-11-1445 (9 ملفات),[مخرج آلي / Script Output - سماوي],[مخرج آلي يحتاج مراجعة بشرية - وردي]
17/ 4/ 1433,0,مرفقات الشكوى,شكوى,ن. شكوى أسامة زيني إلى ولي العهد ـ 17-11-1445 (9 ملفات),[مخرج آلي / Script Output - سماوي],[مخرج آلي يحتاج مراجعة بشرية - وردي]
4/ 8/ 1432,0,مرفقات الشكوى,شكوى,ن. شكوى أسامة زيني إلى ولي العهد ـ 17-11-1445 (9 ملفات),[مخرج آلي / Script Output - سماوي],[مخرج آلي يحتاج مراجعة بشرية - وردي]
12/ 3/ 1433,0,مرفقات الشكوى,شكوى,ن. شكوى أسامة زيني إلى ولي العهد ـ 17-11-1445 (9 ملفات),[مخرج آلي / Script Output - سماوي],[مخرج آلي يحتاج مراجعة بشرية - وردي]
8/ 6/ 1433,0,مرفقات الشكوى,شكوى,ن. شكوى أسامة زيني إلى ولي العهد ـ 17-11-1445 (9 ملفات),[مخرج آلي / Script Output - سماوي],[مخرج آلي يحتاج مراجعة بشرية - وردي]
6/ 2/ 1434,0,مرفقات الشكوى,شكوى,ن. شكوى أسامة زيني إلى ولي العهد ـ 17-11-1445 (9 ملفات),[مخرج آلي / Script Output - سماوي],[مخرج آلي يحتاج مراجعة بشرية - وردي]
26/ 7/ 1434,0,مرفقات الشكوى,شكوى,ن. شكوى أسامة زيني إلى ولي العهد ـ 17-11-1445 (9 ملفات),[مخرج آلي / Script Output - سماوي],[مخرج آلي يحتاج مراجعة بشرية - وردي]
18/ 6/ 1432,0,مرفقات الشكوى,شكوى,ن. شكوى أسامة زيني إلى ولي العهد ـ 17-11-1445 (9 ملفات),[مخرج آلي / Script Output - سماوي],[مخرج آلي يحتاج مراجعة بشرية - وردي]
4/ 3/ 1432,0,مرفقات الشكوى,شكوى,ن. شكوى أسامة زيني إلى ولي العهد ـ 17-11-1445 (9 ملفات),[مخرج آلي / Script Output - سماوي],[مخرج آلي يحتاج مراجعة بشرية - وردي]
12/ 4/ 1438,0,مرفقات الشكوى,شكوى,ن. شكوى أسامة زيني إلى ولي العهد ـ 17-11-1445 (9 ملفات),[مخرج آلي / Script Output - سماوي],[مخرج آلي يحتاج مراجعة بشرية - وردي]
28/ 6/ 1442,0,مرفقات الشكوى,شكوى,ن. شكوى أسامة زيني إلى ولي العهد ـ 17-11-1445 (9 ملفات),[مخرج آلي / Script Output - سماوي],[مخرج آلي يحتاج مراجعة بشرية - وردي]
12/ 2/ 1432,0,مرفقات الشكوى,شكوى,ن. شكوى أسامة زيني إلى ولي العهد ـ 17-11-1445 (9 ملفات),[مخرج آلي / Script Output - سماوي],[مخرج آلي يحتاج مراجعة بشرية - وردي]
1385 / 3 / 17,13850317,الشكوى ومرفقاتها,شكوى,ط. الشكوى الأولى لوزير العدل رقم 230747621 ـ 30-04-1445 (4 ملفات),[مخرج آلي / Script Output - سماوي],[مخرج آلي يحتاج مراجعة بشرية - وردي]
1385 / 3 / 17,13850317,شكوى أسامة أحمد زيني ـ دعوى رقم 42824717 ـ 30-04-1445 ـ حجم اقل.pdf,شكوى,ي. مرفقات خطاب شكوى وزير العدل الأولى والثانية (21 ملفاً),[مخرج آلي / Script Output - سماوي],[مخرج آلي يحتاج مراجعة بشرية - وردي]
1385 / 3 / 17,13850317,شكوى أسامة أحمد زيني ـ دعوى رقم 42824717.pdf,شكوى,ي. مرفقات خطاب شكوى وزير العدل الأولى والثانية (21 ملفاً),[مخرج آلي / Script Output - سماوي],[مخرج آلي يحتاج مراجعة بشرية - وردي]
1385 / 3 / 17,13850317,شكوى اسامة زيني لوزير العدل 13-11-1445 ـ 21-05-2024.pdf,شكوى,ي. مرفقات خطاب شكوى وزير العدل الأولى والثانية (21 ملفاً),[مخرج آلي / Script Output - سماوي],[مخرج آلي يحتاج مراجعة بشرية - وردي]
1385 / 3 / 17,13850317,ملف مؤقت tmp,حكم / صك,ي. مرفقات خطاب شكوى وزير العدل الأولى والثانية (21 ملفاً),[مخرج آلي / Script Output - سماوي],[مخرج آلي يحتاج مراجعة بشرية - وردي]
1385 / 3 / 17,13850317,شكوى اسامة زيني الى وزير العدل ـ 13-011-1445 ـ 21-05-2024 ـ ومرفقاتها.pdf,شكوى,ك. إعادة فتح الشكوى الثانية 199058 ـ 13-11-1445 (7 ملفات),[مخرج آلي / Script Output - سماوي],[مخرج آلي يحتاج مراجعة بشرية - وردي]
1385 / 3 / 17,13850317,شكوى لوزير العدل 13-11-1445,شكوى,ك. إعادة فتح الشكوى الثانية 199058 ـ 13-11-1445 (7 ملفات),[مخرج آلي / Script Output - سماوي],[مخرج آلي يحتاج مراجعة بشرية - وردي]
1385 / 3 / 17,13850317,شكوى اسامة زيني الى وزير العدل ـ 26-04-1446 ـ 29-10-2024 ـ ومرفقاتها.pdf,شكوى,ل. الشكوى الثالثة لوزير العدل ـ 26-04-1446 (7 ملفات),[مخرج آلي / Script Output - سماوي],[مخرج آلي يحتاج مراجعة بشرية - وردي]
1385 / 3 / 17,13850317,الشكوى الرابعة,شكوى,م. الشكوى الرابعة لوزير العدل ـ 09-06-1446 (ملفان),[مخرج آلي / Script Output - سماوي],[مخرج آلي يحتاج مراجعة بشرية - وردي]
1385 / 3 / 17,13850317,مرفقات الشكوى,شكوى,ن. شكوى أسامة زيني إلى ولي العهد ـ 17-11-1445 (9 ملفات),[مخرج آلي / Script Output - سماوي],[مخرج آلي يحتاج مراجعة بشرية - وردي]
1385 / 3 / 22,13850322,الشكوى ومرفقاتها,شكوى,ط. الشكوى الأولى لوزير العدل رقم 230747621 ـ 30-04-1445 (4 ملفات),[مخرج آلي / Script Output - سماوي],[مخرج آلي يحتاج مراجعة بشرية - وردي]
1385 / 3 / 22,13850322,شكوى أسامة أحمد زيني ـ دعوى رقم 42824717 ـ 30-04-1445 ـ حجم اقل.pdf,شكوى,ي. مرفقات خطاب شكوى وزير العدل الأولى والثانية (21 ملفاً),[مخرج آلي / Script Output - سماوي],[مخرج آلي يحتاج مراجعة بشرية - وردي]
1385 / 3 / 22,13850322,شكوى أسامة أحمد زيني ـ دعوى رقم 42824717.pdf,شكوى,ي. مرفقات خطاب شكوى وزير العدل الأولى والثانية (21 ملفاً),[مخرج آلي / Script Output - سماوي],[مخرج آلي يحتاج مراجعة بشرية - وردي]
1392/2/15,13920215,ملحق تنازل الشيخ احمد زيني عن كامل حصصه الى الشيخ اسامة في شركة احمد زيني التجارية ـ 16-10-1431.pdf,عقد / اتفاقية,أ. المجلد الرئيسي للقضية,[مخرج آلي / Script Output - سماوي],[مخرج آلي يحتاج مراجعة بشرية - وردي]
1392/2/15,13920215,مذكرة طلب النقض على الحكم النهائي,حكم / صك,ب. المذكرات المقدمة من الطرفين (49 ملفاً),[مخرج آلي / Script Output - سماوي],[مخرج آلي يحتاج مراجعة بشرية - وردي]
1392/2/15,13920215,مرفق 1 ـ مذكرة عزام خوج ـ 05-07-1434,مذكرة قضائية,ب. المذكرات المقدمة من الطرفين (49 ملفاً),[مخرج آلي / Script Output - سماوي],[مخرج آلي يحتاج مراجعة بشرية - وردي]
1392/2/15,13920215,مرفق 3 ـ مذكرة أبو راشد ـ 23-01-1443,مذكرة قضائية,ب. المذكرات المقدمة من الطرفين (49 ملفاً),[مخرج آلي / Script Output - سماوي],[مخرج آلي يحتاج مراجعة بشرية - وردي]
1392/2/15,13920215,الشكوى ومرفقاتها,شكوى,ط. الشكوى الأولى لوزير العدل رقم 230747621 ـ 30-04-1445 (4 ملفات),[مخرج آلي / Script Output - سماوي],[مخرج آلي يحتاج مراجعة بشرية - وردي]
1392/2/15,13920215,شكوى أسامة أحمد زيني ـ دعوى رقم 42824717 ـ 30-04-1445 ـ حجم اقل.pdf,شكوى,ي. مرفقات خطاب شكوى وزير العدل الأولى والثانية (21 ملفاً),[مخرج آلي / Script Output - سماوي],[مخرج آلي يحتاج مراجعة بشرية - وردي]
1392/2/15,13920215,شكوى أسامة أحمد زيني ـ دعوى رقم 42824717.pdf,شكوى,ي. مرفقات خطاب شكوى وزير العدل الأولى والثانية (21 ملفاً),[مخرج آلي / Script Output - سماوي],[مخرج آلي يحتاج مراجعة بشرية - وردي]
1392/2/15,13920215,ملحق تنازل عدنان عن حصته ـ 10-02-1434 ـ نسخة,عقد / اتفاقية,ي. مرفقات خطاب شكوى وزير العدل الأولى والثانية (21 ملفاً),[مخرج آلي / Script Output - سماوي],[مخرج آلي يحتاج مراجعة بشرية - وردي]
1396/2/15,13960215,حكم الولاية على الشيخ أحمد زيني من القاضي الزايدي مصدق من الاستئناف - 26-07-1434.pdf,حكم / صك,أ. المجلد الرئيسي للقضية,[مخرج آلي / Script Output - سماوي],[مخرج آلي يحتاج مراجعة بشرية - وردي]
1411/4/11,14110411,اتفاقية الصلح والتخارج في شركات أحمد زيني وأولاده ـ مصدقة من المحكمة,حكم / صك,أ. المجلد الرئيسي للقضية (39 ملفاً),[مخرج آلي / Script Output - سماوي],[مخرج آلي يحتاج مراجعة بشرية - وردي]
1411/08/03,14110803,مذكرة طلب النقض على الحكم النهائي,حكم / صك,ب. المذكرات المقدمة من الطرفين (49 ملفاً),[مخرج آلي / Script Output - سماوي],[مخرج آلي يحتاج مراجعة بشرية - وردي]
1411/08/03,14110803,الشكوى ومرفقاتها,شكوى,ط. الشكوى الأولى لوزير العدل رقم 230747621 ـ 30-04-1445 (4 ملفات),[مخرج آلي / Script Output - سماوي],[مخرج آلي يحتاج مراجعة بشرية - وردي]
1411/08/03,14110803,شكوى أسامة أحمد زيني ـ دعوى رقم 42824717 ـ 30-04-1445 ـ حجم اقل.pdf,شكوى,ي. مرفقات خطاب شكوى وزير العدل الأولى والثانية (21 ملفاً),[مخرج آلي / Script Output - سماوي],[مخرج آلي يحتاج مراجعة بشرية - وردي]
1411/08/03,14110803,شكوى أسامة أحمد زيني ـ دعوى رقم 42824717.pdf,شكوى,ي. مرفقات خطاب شكوى وزير العدل الأولى والثانية (21 ملفاً),[مخرج آلي / Script Output - سماوي],[مخرج آلي يحتاج مراجعة بشرية - وردي]
1411/08/03,14110803,ملحق تنازل عدنان عن حصته ـ 10-02-1434,عقد / اتفاقية,ي. مرفقات خطاب شكوى وزير العدل الأولى والثانية (21 ملفاً),[مخرج آلي / Script Output - سماوي],[مخرج آلي يحتاج مراجعة بشرية - وردي]
1411/8/30,14110830,مرفقات المدعي عدنان زيني في الدعوى رقم 42824717.pdf,عقد / اتفاقية,أ. المجلد الرئيسي للقضية,[مخرج آلي / Script Output - سماوي],[مخرج آلي يحتاج مراجعة بشرية - وردي]
1413/9/8,14130908,ملحق تنازل الشيخ احمد زيني عن كامل حصصه الى الشيخ اسامة في شركة احمد زيني التجارية ـ 16-10-1431.pdf,عقد / اتفاقية,أ. المجلد الرئيسي للقضية,[مخرج آلي / Script Output - سماوي],[مخرج آلي يحتاج مراجعة بشرية - وردي]
1413/9/8,14130908,مذكرة طلب النقض على الحكم النهائي,حكم / صك,ب. المذكرات المقدمة من الطرفين (49 ملفاً),[مخرج آلي / Script Output - سماوي],[مخرج آلي يحتاج مراجعة بشرية - وردي]
1413/9/8,14130908,مرفق 1 ـ مذكرة عزام خوج ـ 05-07-1434,مذكرة قضائية,ب. المذكرات المقدمة من الطرفين (49 ملفاً),[مخرج آلي / Script Output - سماوي],[مخرج آلي يحتاج مراجعة بشرية - وردي]
1413/9/8,14130908,مرفق 3 ـ مذكرة أبو راشد ـ 23-01-1443,مذكرة قضائية,ب. المذكرات المقدمة من الطرفين (49 ملفاً),[مخرج آلي / Script Output - سماوي],[مخرج آلي يحتاج مراجعة بشرية - وردي]
1413/10/26,14131026,مرفقات المدعي عدنان زيني في الدعوى رقم 42824717.pdf,عقد / اتفاقية,أ. المجلد الرئيسي للقضية,[مخرج آلي / Script Output - سماوي],[مخرج آلي يحتاج مراجعة بشرية - وردي]
1413/10/26,14131026,ملحق تنازل الشيخ احمد زيني عن كامل حصصه الى الشيخ اسامة في شركة احمد زيني التجارية ـ 16-10-1431.pdf,عقد / اتفاقية,أ. المجلد الرئيسي للقضية,[مخرج آلي / Script Output - سماوي],[مخرج آلي يحتاج مراجعة بشرية - وردي]
1413/10/26,14131026,مذكرة طلب النقض على الحكم النهائي,حكم / صك,ب. المذكرات المقدمة من الطرفين (49 ملفاً),[مخرج آلي / Script Output - سماوي],[مخرج آلي يحتاج مراجعة بشرية - وردي]
1413/10/26,14131026,مرفق 1 ـ مذكرة عزام خوج ـ 05-07-1434,مذكرة قضائية,ب. المذكرات المقدمة من الطرفين (49 ملفاً),[مخرج آلي / Script Output - سماوي],[مخرج آلي يحتاج مراجعة بشرية - وردي]
1413/10/26,14131026,الشكوى ومرفقاتها,شكوى,ط. الشكوى الأولى لوزير العدل رقم 230747621 ـ 30-04-1445 (4 ملفات),[مخرج آلي / Script Output - سماوي],[مخرج آلي يحتاج مراجعة بشرية - وردي]
1413/10/26,14131026,شكوى أسامة أحمد زيني ـ دعوى رقم 42824717 ـ 30-04-1445 ـ حجم اقل.pdf,شكوى,ي. مرفقات خطاب شكوى وزير العدل الأولى والثانية (21 ملفاً),[مخرج آلي / Script Output - سماوي],[مخرج آلي يحتاج مراجعة بشرية - وردي]
1413/10/26,14131026,شكوى أسامة أحمد زيني ـ دعوى رقم 42824717.pdf,شكوى,ي. مرفقات خطاب شكوى وزير العدل الأولى والثانية (21 ملفاً),[مخرج آلي / Script Output - سماوي],[مخرج آلي يحتاج مراجعة بشرية - وردي]
1413/10/26,14131026,ملحق تنازل عدنان عن حصته ـ 10-02-1434,عقد / اتفاقية,ي. مرفقات خطاب شكوى وزير العدل الأولى والثانية (21 ملفاً),[مخرج آلي / Script Output - سماوي],[مخرج آلي يحتاج مراجعة بشرية - وردي]
1423/02/20,14230220,التماس على الحكم النهائي ـ دائرة الاستئناف الثانية,حكم / صك,ب. المذكرات المقدمة من الطرفين (49 ملفاً),[مخرج آلي / Script Output - سماوي],[مخرج آلي يحتاج مراجعة بشرية - وردي]
1423/02/20,14230220,التماس على الحكم النهائي ـ نسخة,حكم / صك,ي. مرفقات خطاب شكوى وزير العدل الأولى والثانية (21 ملفاً),[مخرج آلي / Script Output - سماوي],[مخرج آلي يحتاج مراجعة بشرية - وردي]
1423/02/20,14230220,التماس على الحكم النهائي ـ نسخة ثانية,حكم / صك,ي. مرفقات خطاب شكوى وزير العدل الأولى والثانية (21 ملفاً),[مخرج آلي / Script Output - سماوي],[مخرج آلي يحتاج مراجعة بشرية - وردي]
1423/02/20,14230220,شكوى اسامة زيني لوزير العدل 13-11-1445 ـ 21-05-2024.pdf,شكوى,ي. مرفقات خطاب شكوى وزير العدل الأولى والثانية (21 ملفاً),[مخرج آلي / Script Output - سماوي],[مخرج آلي يحتاج مراجعة بشرية - وردي]
1423/02/20,14230220,ملف مؤقت tmp,حكم / صك,ي. مرفقات خطاب شكوى وزير العدل الأولى والثانية (21 ملفاً),[مخرج آلي / Script Output - سماوي],[مخرج آلي يحتاج مراجعة بشرية - وردي]
1423/02/20,14230220,شكوى اسامة زيني الى وزير العدل ـ 13-011-1445 ـ 21-05-2024 ـ ومرفقاتها.pdf,شكوى,ك. إعادة فتح الشكوى الثانية 199058 ـ 13-11-1445 (7 ملفات),[مخرج آلي / Script Output - سماوي],[مخرج آلي يحتاج مراجعة بشرية - وردي]
1423/02/20,14230220,شكوى لوزير العدل 13-11-1445,شكوى,ك. إعادة فتح الشكوى الثانية 199058 ـ 13-11-1445 (7 ملفات),[مخرج آلي / Script Output - سماوي],[مخرج آلي يحتاج مراجعة بشرية - وردي]
1423/02/20,14230220,شكوى اسامة زيني الى وزير العدل ـ 26-04-1446 ـ 29-10-2024 ـ ومرفقاتها.pdf,شكوى,ل. الشكوى الثالثة لوزير العدل ـ 26-04-1446 (7 ملفات),[مخرج آلي / Script Output - سماوي],[مخرج آلي يحتاج مراجعة بشرية - وردي]
1423/02/20,14230220,الشكوى الرابعة,شكوى,م. الشكوى الرابعة لوزير العدل ـ 09-06-1446 (ملفان),[مخرج آلي / Script Output - سماوي],[مخرج آلي يحتاج مراجعة بشرية - وردي]
1423/02/20,14230220,الشكوى ومرفقاتها,شكوى,ن. شكوى أسامة زيني إلى ولي العهد ـ 17-11-1445 (9 ملفات),[مخرج آلي / Script Output - سماوي],[مخرج آلي يحتاج مراجعة بشرية - وردي]
1423/02/20,14230220,مرفقات الشكوى,شكوى,ن. شكوى أسامة زيني إلى ولي العهد ـ 17-11-1445 (9 ملفات),[مخرج آلي / Script Output - سماوي],[مخرج آلي يحتاج مراجعة بشرية - وردي]
1423/12/30,14231230,مرفقات المدعي عدنان زيني في الدعوى رقم 42824717.pdf,عقد / اتفاقية,أ. المجلد الرئيسي للقضية,[مخرج آلي / Script Output - سماوي],[مخرج آلي يحتاج مراجعة بشرية - وردي]
1424/9/6,14240906,مرفقات المدعي عدنان زيني في الدعوى رقم 42824717.pdf,عقد / اتفاقية,أ. المجلد الرئيسي للقضية,[مخرج آلي / Script Output - سماوي],[مخرج آلي يحتاج مراجعة بشرية - وردي]
1426/07/18,14260718,مرفقات المدعي عدنان زيني في الدعوى رقم 42824717.pdf,عقد / اتفاقية,أ. المجلد الرئيسي للقضية,[مخرج آلي / Script Output - سماوي],[مخرج آلي يحتاج مراجعة بشرية - وردي]
1428/3/14,14280314,مذكرة طلب النقض على الحكم النهائي,حكم / صك,ب. المذكرات المقدمة من الطرفين (49 ملفاً),[مخرج آلي / Script Output - سماوي],[مخرج آلي يحتاج مراجعة بشرية - وردي]
1428/3/14,14280314,مرفق 3 ـ مذكرة أبو راشد ـ 23-01-1443,مذكرة قضائية,ب. المذكرات المقدمة من الطرفين (49 ملفاً),[مخرج آلي / Script Output - سماوي],[مخرج آلي يحتاج مراجعة بشرية - وردي]
1428/3/14,14280314,شكوى أسامة أحمد زيني ـ دعوى رقم 42824717 ـ 30-04-1445 ـ حجم اقل.pdf,شكوى,ي. مرفقات خطاب شكوى وزير العدل الأولى والثانية (21 ملفاً),[مخرج آلي / Script Output - سماوي],[مخرج آلي يحتاج مراجعة بشرية - وردي]
1428/4/18,14280418,مذكرة طلب النقض على الحكم النهائي,حكم / صك,ب. المذكرات المقدمة من الطرفين (49 ملفاً),[مخرج آلي / Script Output - سماوي],[مخرج آلي يحتاج مراجعة بشرية - وردي]
1428/4/18,14280418,مرفق 1 ـ مذكرة عزام خوج ـ 05-07-1434,مذكرة قضائية,ب. المذكرات المقدمة من الطرفين (49 ملفاً),[مخرج آلي / Script Output - سماوي],[مخرج آلي يحتاج مراجعة بشرية - وردي]
1429/12/3,14291203,مذكرة طلب النقض على الحكم النهائي,حكم / صك,ب. المذكرات المقدمة من الطرفين (49 ملفاً),[مخرج آلي / Script Output - سماوي],[مخرج آلي يحتاج مراجعة بشرية - وردي]
1430/4/4,14300404,حكم الولاية على الشيخ أحمد زيني من القاضي الزايدي مصدق من الاستئناف - 26-07-1434.pdf,حكم / صك,أ. المجلد الرئيسي للقضية,[مخرج آلي / Script Output - سماوي],[مخرج آلي يحتاج مراجعة بشرية - وردي]
1430/4/4,14300404,مذكرة طلب النقض على الحكم النهائي,حكم / صك,ب. المذكرات المقدمة من الطرفين (49 ملفاً),[مخرج آلي / Script Output - سماوي],[مخرج آلي يحتاج مراجعة بشرية - وردي]
1430/4/4,14300404,مرفق 3 ـ مذكرة أبو راشد ـ 23-01-1443,مذكرة قضائية,ب. المذكرات المقدمة من الطرفين (49 ملفاً),[مخرج آلي / Script Output - سماوي],[مخرج آلي يحتاج مراجعة بشرية - وردي]
1430/10/1,14301001,مرفقات المدعي عدنان زيني في الدعوى رقم 42824717.pdf,عقد / اتفاقية,أ. المجلد الرئيسي للقضية,[مخرج آلي / Script Output - سماوي],[مخرج آلي يحتاج مراجعة بشرية - وردي]
1431/4/20,14310420,الشكوى ومرفقاتها,شكوى,ن. شكوى أسامة زيني إلى ولي العهد ـ 17-11-1445 (9 ملفات),[مخرج آلي / Script Output - سماوي],[مخرج آلي يحتاج مراجعة بشرية - وردي]
1431-09-20,14310920,صك حكم نهائي ضد الشيخ اسامة زيني ـ دعوى 42824717 - 13-03-1445 هـ.pdf,حكم / صك,أ. المجلد الرئيسي للقضية,[مخرج آلي / Script Output - سماوي],[مخرج آلي يحتاج مراجعة بشرية - وردي]
1431/9/20,14310920,التماس على الحكم النهائي ـ دائرة الاستئناف الثانية,حكم / صك,ب. المذكرات المقدمة من الطرفين (49 ملفاً),[مخرج آلي / Script Output - سماوي],[مخرج آلي يحتاج مراجعة بشرية - وردي]
1431/9/20,14310920,مذكرة من المحامي السديري 20-02-1445 ـ الاعتراض على تقرير ابو غزالة.pdf,مذكرة قضائية,ب. المذكرات المقدمة من الطرفين (49 ملفاً),[مخرج آلي / Script Output - سماوي],[مخرج آلي يحتاج مراجعة بشرية - وردي]
1431/09/20,14310920,مرفق 1 ـ مذكرة عزام خوج ـ 05-07-1434,مذكرة قضائية,ب. المذكرات المقدمة من الطرفين (49 ملفاً),[مخرج آلي / Script Output - سماوي],[مخرج آلي يحتاج مراجعة بشرية - وردي]
1431/09/20,14310920,مرفق 3 ـ مذكرة أبو راشد ـ 23-01-1443,مذكرة قضائية,ب. المذكرات المقدمة من الطرفين (49 ملفاً),[مخرج آلي / Script Output - سماوي],[مخرج آلي يحتاج مراجعة بشرية - وردي]
1431/09/20,14310920,الشكوى ومرفقاتها,شكوى,ط. الشكوى الأولى لوزير العدل رقم 230747621 ـ 30-04-1445 (4 ملفات),[مخرج آلي / Script Output - سماوي],[مخرج آلي يحتاج مراجعة بشرية - وردي]
1431-09-20,14310920,الشكوى ومرفقاتها,شكوى,ط. الشكوى الأولى لوزير العدل رقم 230747621 ـ 30-04-1445 (4 ملفات),[مخرج آلي / Script Output - سماوي],[مخرج آلي يحتاج مراجعة بشرية - وردي]
1431/09/20,14310920,التماس على الحكم النهائي ـ نسخة,حكم / صك,ي. مرفقات خطاب شكوى وزير العدل الأولى والثانية (21 ملفاً),[مخرج آلي / Script Output - سماوي],[مخرج آلي يحتاج مراجعة بشرية - وردي]
1431/9/20,14310920,التماس على الحكم النهائي ـ نسخة,حكم / صك,ي. مرفقات خطاب شكوى وزير العدل الأولى والثانية (21 ملفاً),[مخرج آلي / Script Output - سماوي],[مخرج آلي يحتاج مراجعة بشرية - وردي]
1431/9/20,14310920,التماس على الحكم النهائي ـ نسخة ثانية,حكم / صك,ي. مرفقات خطاب شكوى وزير العدل الأولى والثانية (21 ملفاً),[مخرج آلي / Script Output - سماوي],[مخرج آلي يحتاج مراجعة بشرية - وردي]
1431/09/20,14310920,شكوى أسامة أحمد زيني ـ دعوى رقم 42824717 ـ 30-04-1445 ـ حجم اقل.pdf,شكوى,ي. مرفقات خطاب شكوى وزير العدل الأولى والثانية (21 ملفاً),[مخرج آلي / Script Output - سماوي],[مخرج آلي يحتاج مراجعة بشرية - وردي]
1431-09-20,14310920,شكوى أسامة أحمد زيني ـ دعوى رقم 42824717 ـ 30-04-1445 ـ حجم اقل.pdf,شكوى,ي. مرفقات خطاب شكوى وزير العدل الأولى والثانية (21 ملفاً),[مخرج آلي / Script Output - سماوي],[مخرج آلي يحتاج مراجعة بشرية - وردي]
1431/09/20,14310920,شكوى أسامة أحمد زيني ـ دعوى رقم 42824717.pdf,شكوى,ي. مرفقات خطاب شكوى وزير العدل الأولى والثانية (21 ملفاً),[مخرج آلي / Script Output - سماوي],[مخرج آلي يحتاج مراجعة بشرية - وردي]
1431-09-20,14310920,شكوى أسامة أحمد زيني ـ دعوى رقم 42824717.pdf,شكوى,ي. مرفقات خطاب شكوى وزير العدل الأولى والثانية (21 ملفاً),[مخرج آلي / Script Output - سماوي],[مخرج آلي يحتاج مراجعة بشرية - وردي]
1431/09/20,14310920,شكوى اسامة زيني لوزير العدل 13-11-1445 ـ 21-05-2024.pdf,شكوى,ي. مرفقات خطاب شكوى وزير العدل الأولى والثانية (21 ملفاً),[مخرج آلي / Script Output - سماوي],[مخرج آلي يحتاج مراجعة بشرية - وردي]
1431/9/20,14310920,شكوى اسامة زيني لوزير العدل 13-11-1445 ـ 21-05-2024.pdf,شكوى,ي. مرفقات خطاب شكوى وزير العدل الأولى والثانية (21 ملفاً),[مخرج آلي / Script Output - سماوي],[مخرج آلي يحتاج مراجعة بشرية - وردي]
1431-09-20,14310920,صك حكم نهائي ـ الاستئناف الثانية ـ نسخة,حكم / صك,ي. مرفقات خطاب شكوى وزير العدل الأولى والثانية (21 ملفاً),[مخرج آلي / Script Output - سماوي],[مخرج آلي يحتاج مراجعة بشرية - وردي]
1431/09/20,14310920,ملف مؤقت tmp,حكم / صك,ي. مرفقات خطاب شكوى وزير العدل الأولى والثانية (21 ملفاً),[مخرج آلي / Script Output - سماوي],[مخرج آلي يحتاج مراجعة بشرية - وردي]
1431/9/20,14310920,ملف مؤقت tmp,حكم / صك,ي. مرفقات خطاب شكوى وزير العدل الأولى والثانية (21 ملفاً),[مخرج آلي / Script Output - سماوي],[مخرج آلي يحتاج مراجعة بشرية - وردي]
1431/09/20,14310920,شكوى اسامة زيني الى وزير العدل ـ 13-011-1445 ـ 21-05-2024 ـ ومرفقاتها.pdf,شكوى,ك. إعادة فتح الشكوى الثانية 199058 ـ 13-11-1445 (7 ملفات),[مخرج آلي / Script Output - سماوي],[مخرج آلي يحتاج مراجعة بشرية - وردي]
1431/9/20,14310920,شكوى اسامة زيني الى وزير العدل ـ 13-011-1445 ـ 21-05-2024 ـ ومرفقاتها.pdf,شكوى,ك. إعادة فتح الشكوى الثانية 199058 ـ 13-11-1445 (7 ملفات),[مخرج آلي / Script Output - سماوي],[مخرج آلي يحتاج مراجعة بشرية - وردي]
1431/09/20,14310920,شكوى لوزير العدل 13-11-1445,شكوى,ك. إعادة فتح الشكوى الثانية 199058 ـ 13-11-1445 (7 ملفات),[مخرج آلي / Script Output - سماوي],[مخرج آلي يحتاج مراجعة بشرية - وردي]
1431/9/20,14310920,شكوى لوزير العدل 13-11-1445,شكوى,ك. إعادة فتح الشكوى الثانية 199058 ـ 13-11-1445 (7 ملفات),[مخرج آلي / Script Output - سماوي],[مخرج آلي يحتاج مراجعة بشرية - وردي]
1431 / 09 / 20,14310920,شكوى اسامة زيني الى وزير العدل ـ 26-04-1446 ـ 29-10-2024 ـ ومرفقاتها.pdf,شكوى,ل. الشكوى الثالثة لوزير العدل ـ 26-04-1446 (7 ملفات),[مخرج آلي / Script Output - سماوي],[مخرج آلي يحتاج مراجعة بشرية - وردي]
1431/09/20,14310920,شكوى اسامة زيني الى وزير العدل ـ 26-04-1446 ـ 29-10-2024 ـ ومرفقاتها.pdf,شكوى,ل. الشكوى الثالثة لوزير العدل ـ 26-04-1446 (7 ملفات),[مخرج آلي / Script Output - سماوي],[مخرج آلي يحتاج مراجعة بشرية - وردي]
1431/9/20,14310920,شكوى اسامة زيني الى وزير العدل ـ 26-04-1446 ـ 29-10-2024 ـ ومرفقاتها.pdf,شكوى,ل. الشكوى الثالثة لوزير العدل ـ 26-04-1446 (7 ملفات),[مخرج آلي / Script Output - سماوي],[مخرج آلي يحتاج مراجعة بشرية - وردي]
1431 / 09 / 20,14310920,الشكوى الرابعة,شكوى,م. الشكوى الرابعة لوزير العدل ـ 09-06-1446 (ملفان),[مخرج آلي / Script Output - سماوي],[مخرج آلي يحتاج مراجعة بشرية - وردي]
1431/09/20,14310920,الشكوى الرابعة,شكوى,م. الشكوى الرابعة لوزير العدل ـ 09-06-1446 (ملفان),[مخرج آلي / Script Output - سماوي],[مخرج آلي يحتاج مراجعة بشرية - وردي]
1431/9/20,14310920,الشكوى الرابعة,شكوى,م. الشكوى الرابعة لوزير العدل ـ 09-06-1446 (ملفان),[مخرج آلي / Script Output - سماوي],[مخرج آلي يحتاج مراجعة بشرية - وردي]
1431/09/20,14310920,مرفقات الشكوى,شكوى,ن. شكوى أسامة زيني إلى ولي العهد ـ 17-11-1445 (9 ملفات),[مخرج آلي / Script Output - سماوي],[مخرج آلي يحتاج مراجعة بشرية - وردي]
1431/9/20,14310920,مرفقات الشكوى,شكوى,ن. شكوى أسامة زيني إلى ولي العهد ـ 17-11-1445 (9 ملفات),[مخرج آلي / Script Output - سماوي],[مخرج آلي يحتاج مراجعة بشرية - وردي]
1431/09/25,14310925,التماس على الحكم النهائي ـ نسخة,حكم / صك,ي. مرفقات خطاب شكوى وزير العدل الأولى والثانية (21 ملفاً),[مخرج آلي / Script Output - سماوي],[مخرج آلي يحتاج مراجعة بشرية - وردي]
1431/09/25,14310925,شكوى اسامة زيني لوزير العدل 13-11-1445 ـ 21-05-2024.pdf,شكوى,ي. مرفقات خطاب شكوى وزير العدل الأولى والثانية (21 ملفاً),[مخرج آلي / Script Output - سماوي],[مخرج آلي يحتاج مراجعة بشرية - وردي]
1431/09/25,14310925,ملف مؤقت tmp,حكم / صك,ي. مرفقات خطاب شكوى وزير العدل الأولى والثانية (21 ملفاً),[مخرج آلي / Script Output - سماوي],[مخرج آلي يحتاج مراجعة بشرية - وردي]
1431/09/25,14310925,شكوى اسامة زيني الى وزير العدل ـ 13-011-1445 ـ 21-05-2024 ـ ومرفقاتها.pdf,شكوى,ك. إعادة فتح الشكوى الثانية 199058 ـ 13-11-1445 (7 ملفات),[مخرج آلي / Script Output - سماوي],[مخرج آلي يحتاج مراجعة بشرية - وردي]
1431/09/25,14310925,شكوى لوزير العدل 13-11-1445,شكوى,ك. إعادة فتح الشكوى الثانية 199058 ـ 13-11-1445 (7 ملفات),[مخرج آلي / Script Output - سماوي],[مخرج آلي يحتاج مراجعة بشرية - وردي]
1431/09/25,14310925,شكوى اسامة زيني الى وزير العدل ـ 26-04-1446 ـ 29-10-2024 ـ ومرفقاتها.pdf,شكوى,ل. الشكوى الثالثة لوزير العدل ـ 26-04-1446 (7 ملفات),[مخرج آلي / Script Output - سماوي],[مخرج آلي يحتاج مراجعة بشرية - وردي]
1431/09/25,14310925,الشكوى الرابعة,شكوى,م. الشكوى الرابعة لوزير العدل ـ 09-06-1446 (ملفان),[مخرج آلي / Script Output - سماوي],[مخرج آلي يحتاج مراجعة بشرية - وردي]
1431/09/25,14310925,مرفقات الشكوى,شكوى,ن. شكوى أسامة زيني إلى ولي العهد ـ 17-11-1445 (9 ملفات),[مخرج آلي / Script Output - سماوي],[مخرج آلي يحتاج مراجعة بشرية - وردي]
1431 / 10 / 16,14311016,ملف دراسة دفع بعدم صفة المدعي/ عدنان في الدعوى لكون المورث قد امتدت حياته عقب العقد بسبع سنوات دون أن يطعن في العقد. ـ —,عقد / اتفاقية,أ. المجلد الرئيسي للقضية,[مخرج آلي / Script Output - سماوي],[مخرج آلي يحتاج مراجعة بشرية - وردي]
1431/10/16,14311016,مرفق 2 ـ مذكرة أبو راشد ـ 04-01-1443,مذكرة قضائية,ب. المذكرات المقدمة من الطرفين (49 ملفاً),[مخرج آلي / Script Output - سماوي],[مخرج آلي يحتاج مراجعة بشرية - وردي]
1431-10-16,14311016,الشكوى ومرفقاتها,شكوى,ط. الشكوى الأولى لوزير العدل رقم 230747621 ـ 30-04-1445 (4 ملفات),[مخرج آلي / Script Output - سماوي],[مخرج آلي يحتاج مراجعة بشرية - وردي]
1431-10-16,14311016,شكوى أسامة أحمد زيني ـ دعوى رقم 42824717 ـ 30-04-1445 ـ حجم اقل.pdf,شكوى,ي. مرفقات خطاب شكوى وزير العدل الأولى والثانية (21 ملفاً),[مخرج آلي / Script Output - سماوي],[مخرج آلي يحتاج مراجعة بشرية - وردي]
1431-10-16,14311016,شكوى أسامة أحمد زيني ـ دعوى رقم 42824717.pdf,شكوى,ي. مرفقات خطاب شكوى وزير العدل الأولى والثانية (21 ملفاً),[مخرج آلي / Script Output - سماوي],[مخرج آلي يحتاج مراجعة بشرية - وردي]
1431-10-16,14311016,شكوى اسامة زيني لوزير العدل 13-11-1445 ـ 21-05-2024.pdf,شكوى,ي. مرفقات خطاب شكوى وزير العدل الأولى والثانية (21 ملفاً),[مخرج آلي / Script Output - سماوي],[مخرج آلي يحتاج مراجعة بشرية - وردي]
1431-10-16,14311016,ملف مؤقت tmp,حكم / صك,ي. مرفقات خطاب شكوى وزير العدل الأولى والثانية (21 ملفاً),[مخرج آلي / Script Output - سماوي],[مخرج آلي يحتاج مراجعة بشرية - وردي]
1431-10-16,14311016,شكوى اسامة زيني الى وزير العدل ـ 13-011-1445 ـ 21-05-2024 ـ ومرفقاتها.pdf,شكوى,ك. إعادة فتح الشكوى الثانية 199058 ـ 13-11-1445 (7 ملفات),[مخرج آلي / Script Output - سماوي],[مخرج آلي يحتاج مراجعة بشرية - وردي]
1431-10-16,14311016,شكوى لوزير العدل 13-11-1445,شكوى,ك. إعادة فتح الشكوى الثانية 199058 ـ 13-11-1445 (7 ملفات),[مخرج آلي / Script Output - سماوي],[مخرج آلي يحتاج مراجعة بشرية - وردي]
1431-10-16,14311016,شكوى اسامة زيني الى وزير العدل ـ 26-04-1446 ـ 29-10-2024 ـ ومرفقاتها.pdf,شكوى,ل. الشكوى الثالثة لوزير العدل ـ 26-04-1446 (7 ملفات),[مخرج آلي / Script Output - سماوي],[مخرج آلي يحتاج مراجعة بشرية - وردي]
1431-10-16,14311016,الشكوى الرابعة,شكوى,م. الشكوى الرابعة لوزير العدل ـ 09-06-1446 (ملفان),[مخرج آلي / Script Output - سماوي],[مخرج آلي يحتاج مراجعة بشرية - وردي]
1431-10-16,14311016,مرفقات الشكوى,شكوى,ن. شكوى أسامة زيني إلى ولي العهد ـ 17-11-1445 (9 ملفات),[مخرج آلي / Script Output - سماوي],[مخرج آلي يحتاج مراجعة بشرية - وردي]
1431-11-03,14311103,الشكوى ومرفقاتها,شكوى,ط. الشكوى الأولى لوزير العدل رقم 230747621 ـ 30-04-1445 (4 ملفات),[مخرج آلي / Script Output - سماوي],[مخرج آلي يحتاج مراجعة بشرية - وردي]
1431-11-03,14311103,شكوى أسامة أحمد زيني ـ دعوى رقم 42824717 ـ 30-04-1445 ـ حجم اقل.pdf,شكوى,ي. مرفقات خطاب شكوى وزير العدل الأولى والثانية (21 ملفاً),[مخرج آلي / Script Output - سماوي],[مخرج آلي يحتاج مراجعة بشرية - وردي]
1431-11-03,14311103,شكوى أسامة أحمد زيني ـ دعوى رقم 42824717.pdf,شكوى,ي. مرفقات خطاب شكوى وزير العدل الأولى والثانية (21 ملفاً),[مخرج آلي / Script Output - سماوي],[مخرج آلي يحتاج مراجعة بشرية - وردي]
1431-11-03,14311103,شكوى اسامة زيني لوزير العدل 13-11-1445 ـ 21-05-2024.pdf,شكوى,ي. مرفقات خطاب شكوى وزير العدل الأولى والثانية (21 ملفاً),[مخرج آلي / Script Output - سماوي],[مخرج آلي يحتاج مراجعة بشرية - وردي]
1431-11-03,14311103,ملف مؤقت tmp,حكم / صك,ي. مرفقات خطاب شكوى وزير العدل الأولى والثانية (21 ملفاً),[مخرج آلي / Script Output - سماوي],[مخرج آلي يحتاج مراجعة بشرية - وردي]
1431-11-03,14311103,شكوى اسامة زيني الى وزير العدل ـ 13-011-1445 ـ 21-05-2024 ـ ومرفقاتها.pdf,شكوى,ك. إعادة فتح الشكوى الثانية 199058 ـ 13-11-1445 (7 ملفات),[مخرج آلي / Script Output - سماوي],[مخرج آلي يحتاج مراجعة بشرية - وردي]
1431-11-03,14311103,شكوى لوزير العدل 13-11-1445,شكوى,ك. إعادة فتح الشكوى الثانية 199058 ـ 13-11-1445 (7 ملفات),[مخرج آلي / Script Output - سماوي],[مخرج آلي يحتاج مراجعة بشرية - وردي]
1431-11-03,14311103,شكوى اسامة زيني الى وزير العدل ـ 26-04-1446 ـ 29-10-2024 ـ ومرفقاتها.pdf,شكوى,ل. الشكوى الثالثة لوزير العدل ـ 26-04-1446 (7 ملفات),[مخرج آلي / Script Output - سماوي],[مخرج آلي يحتاج مراجعة بشرية - وردي]
1431-11-03,14311103,الشكوى الرابعة,شكوى,م. الشكوى الرابعة لوزير العدل ـ 09-06-1446 (ملفان),[مخرج آلي / Script Output - سماوي],[مخرج آلي يحتاج مراجعة بشرية - وردي]
1431-11-03,14311103,مرفقات الشكوى,شكوى,ن. شكوى أسامة زيني إلى ولي العهد ـ 17-11-1445 (9 ملفات),[مخرج آلي / Script Output - سماوي],[مخرج آلي يحتاج مراجعة بشرية - وردي]
1431/11/29,14311129,التماس على الحكم النهائي ـ دائرة الاستئناف الثانية,حكم / صك,ب. المذكرات المقدمة من الطرفين (49 ملفاً),[مخرج آلي / Script Output - سماوي],[مخرج آلي يحتاج مراجعة بشرية - وردي]
1431/11/29,14311129,التماس على الحكم النهائي ـ نسخة,حكم / صك,ي. مرفقات خطاب شكوى وزير العدل الأولى والثانية (21 ملفاً),[مخرج آلي / Script Output - سماوي],[مخرج آلي يحتاج مراجعة بشرية - وردي]
1431/11/29,14311129,التماس على الحكم النهائي ـ نسخة ثانية,حكم / صك,ي. مرفقات خطاب شكوى وزير العدل الأولى والثانية (21 ملفاً),[مخرج آلي / Script Output - سماوي],[مخرج آلي يحتاج مراجعة بشرية - وردي]
1431/11/29,14311129,شكوى اسامة زيني لوزير العدل 13-11-1445 ـ 21-05-2024.pdf,شكوى,ي. مرفقات خطاب شكوى وزير العدل الأولى والثانية (21 ملفاً),[مخرج آلي / Script Output - سماوي],[مخرج آلي يحتاج مراجعة بشرية - وردي]
1431/11/29,14311129,ملف مؤقت tmp,حكم / صك,ي. مرفقات خطاب شكوى وزير العدل الأولى والثانية (21 ملفاً),[مخرج آلي / Script Output - سماوي],[مخرج آلي يحتاج مراجعة بشرية - وردي]
1431/11/29,14311129,شكوى اسامة زيني الى وزير العدل ـ 13-011-1445 ـ 21-05-2024 ـ ومرفقاتها.pdf,شكوى,ك. إعادة فتح الشكوى الثانية 199058 ـ 13-11-1445 (7 ملفات),[مخرج آلي / Script Output - سماوي],[مخرج آلي يحتاج مراجعة بشرية - وردي]
1431/11/29,14311129,شكوى لوزير العدل 13-11-1445,شكوى,ك. إعادة فتح الشكوى الثانية 199058 ـ 13-11-1445 (7 ملفات),[مخرج آلي / Script Output - سماوي],[مخرج آلي يحتاج مراجعة بشرية - وردي]
1431/11/29,14311129,شكوى اسامة زيني الى وزير العدل ـ 26-04-1446 ـ 29-10-2024 ـ ومرفقاتها.pdf,شكوى,ل. الشكوى الثالثة لوزير العدل ـ 26-04-1446 (7 ملفات),[مخرج آلي / Script Output - سماوي],[مخرج آلي يحتاج مراجعة بشرية - وردي]
1431/11/29,14311129,الشكوى الرابعة,شكوى,م. الشكوى الرابعة لوزير العدل ـ 09-06-1446 (ملفان),[مخرج آلي / Script Output - سماوي],[مخرج آلي يحتاج مراجعة بشرية - وردي]
1431/11/29,14311129,مرفقات الشكوى,شكوى,ن. شكوى أسامة زيني إلى ولي العهد ـ 17-11-1445 (9 ملفات),[مخرج آلي / Script Output - سماوي],[مخرج آلي يحتاج مراجعة بشرية - وردي]
1431/12/2,14311202,حكم برفض الولاية على الشيخ أحمد زيني من القاضي اللحيدان ـ 08-06-1433هـ.pdf,حكم / صك,أ. المجلد الرئيسي للقضية,[مخرج آلي / Script Output - سماوي],[مخرج آلي يحتاج مراجعة بشرية - وردي]
1431-12-02,14311202,الشكوى ومرفقاتها,شكوى,ط. الشكوى الأولى لوزير العدل رقم 230747621 ـ 30-04-1445 (4 ملفات),[مخرج آلي / Script Output - سماوي],[مخرج آلي يحتاج مراجعة بشرية - وردي]
1431-12-02,14311202,شكوى أسامة أحمد زيني ـ دعوى رقم 42824717 ـ 30-04-1445 ـ حجم اقل.pdf,شكوى,ي. مرفقات خطاب شكوى وزير العدل الأولى والثانية (21 ملفاً),[مخرج آلي / Script Output - سماوي],[مخرج آلي يحتاج مراجعة بشرية - وردي]
1431-12-02,14311202,شكوى أسامة أحمد زيني ـ دعوى رقم 42824717.pdf,شكوى,ي. مرفقات خطاب شكوى وزير العدل الأولى والثانية (21 ملفاً),[مخرج آلي / Script Output - سماوي],[مخرج آلي يحتاج مراجعة بشرية - وردي]
1431-12-02,14311202,مرفقات الشكوى,شكوى,ن. شكوى أسامة زيني إلى ولي العهد ـ 17-11-1445 (9 ملفات),[مخرج آلي / Script Output - سماوي],[مخرج آلي يحتاج مراجعة بشرية - وردي]
1431/ 20/ 9,14312009,الشكوى ومرفقاتها,شكوى,ط. الشكوى الأولى لوزير العدل رقم 230747621 ـ 30-04-1445 (4 ملفات),[مخرج آلي / Script Output - سماوي],[مخرج آلي يحتاج مراجعة بشرية - وردي]
1431/ 20/ 9,14312009,شكوى أسامة أحمد زيني ـ دعوى رقم 42824717 ـ 30-04-1445 ـ حجم اقل.pdf,شكوى,ي. مرفقات خطاب شكوى وزير العدل الأولى والثانية (21 ملفاً),[مخرج آلي / Script Output - سماوي],[مخرج آلي يحتاج مراجعة بشرية - وردي]
1431/ 20/ 9,14312009,شكوى أسامة أحمد زيني ـ دعوى رقم 42824717.pdf,شكوى,ي. مرفقات خطاب شكوى وزير العدل الأولى والثانية (21 ملفاً),[مخرج آلي / Script Output - سماوي],[مخرج آلي يحتاج مراجعة بشرية - وردي]
1431/ 20/ 9,14312009,مرفقات الشكوى,شكوى,ن. شكوى أسامة زيني إلى ولي العهد ـ 17-11-1445 (9 ملفات),[مخرج آلي / Script Output - سماوي],[مخرج آلي يحتاج مراجعة بشرية - وردي]
1432/2/11,14320211,حكم برفض الولاية على الشيخ أحمد زيني من القاضي اللحيدان ـ 08-06-1433هـ.pdf,حكم / صك,أ. المجلد الرئيسي للقضية,[مخرج آلي / Script Output - سماوي],[مخرج آلي يحتاج مراجعة بشرية - وردي]
1432/2/13,14320213,حكم برفض الولاية على الشيخ أحمد زيني من القاضي اللحيدان ـ 08-06-1433هـ.pdf,حكم / صك,أ. المجلد الرئيسي للقضية,[مخرج آلي / Script Output - سماوي],[مخرج آلي يحتاج مراجعة بشرية - وردي]
1432/2/13,14320213,مذكرة طلب النقض على الحكم النهائي,حكم / صك,ب. المذكرات المقدمة من الطرفين (49 ملفاً),[مخرج آلي / Script Output - سماوي],[مخرج آلي يحتاج مراجعة بشرية - وردي]
1432/2/18,14320218,مرفق 1 ـ مذكرة عزام خوج ـ 05-07-1434,مذكرة قضائية,ب. المذكرات المقدمة من الطرفين (49 ملفاً),[مخرج آلي / Script Output - سماوي],[مخرج آلي يحتاج مراجعة بشرية - وردي]
1432-02-22,14320222,صك حكم نهائي ضد الشيخ اسامة زيني ـ دعوى 42824717 - 13-03-1445 هـ.pdf,حكم / صك,أ. المجلد الرئيسي للقضية,[مخرج آلي / Script Output - سماوي],[مخرج آلي يحتاج مراجعة بشرية - وردي]
1432-02-22,14320222,الشكوى ومرفقاتها,شكوى,ط. الشكوى الأولى لوزير العدل رقم 230747621 ـ 30-04-1445 (4 ملفات),[مخرج آلي / Script Output - سماوي],[مخرج آلي يحتاج مراجعة بشرية - وردي]
1432-02-22,14320222,شكوى أسامة أحمد زيني ـ دعوى رقم 42824717 ـ 30-04-1445 ـ حجم اقل.pdf,شكوى,ي. مرفقات خطاب شكوى وزير العدل الأولى والثانية (21 ملفاً),[مخرج آلي / Script Output - سماوي],[مخرج آلي يحتاج مراجعة بشرية - وردي]
1432-02-22,14320222,شكوى أسامة أحمد زيني ـ دعوى رقم 42824717.pdf,شكوى,ي. مرفقات خطاب شكوى وزير العدل الأولى والثانية (21 ملفاً),[مخرج آلي / Script Output - سماوي],[مخرج آلي يحتاج مراجعة بشرية - وردي]
1432-02-22,14320222,صك حكم نهائي ـ الاستئناف الثانية ـ نسخة,حكم / صك,ي. مرفقات خطاب شكوى وزير العدل الأولى والثانية (21 ملفاً),[مخرج آلي / Script Output - سماوي],[مخرج آلي يحتاج مراجعة بشرية - وردي]
1432/02/26,14320226,حكم برفض الولاية على الشيخ أحمد زيني من القاضي اللحيدان ـ 08-06-1433هـ.pdf,حكم / صك,أ. المجلد الرئيسي للقضية,[مخرج آلي / Script Output - سماوي],[مخرج آلي يحتاج مراجعة بشرية - وردي]
1432/3/4,14320304,حكم الولاية على الشيخ أحمد زيني من القاضي الزايدي مصدق من الاستئناف - 26-07-1434.pdf,حكم / صك,أ. المجلد الرئيسي للقضية,[مخرج آلي / Script Output - سماوي],[مخرج آلي يحتاج مراجعة بشرية - وردي]
1432/3/4,14320304,مذكرة من المحامي السديري 20-02-1445 ـ الاعتراض على تقرير ابو غزالة.pdf,مذكرة قضائية,ب. المذكرات المقدمة من الطرفين (49 ملفاً),[مخرج آلي / Script Output - سماوي],[مخرج آلي يحتاج مراجعة بشرية - وردي]
1432-03-04,14320304,الشكوى ومرفقاتها,شكوى,ط. الشكوى الأولى لوزير العدل رقم 230747621 ـ 30-04-1445 (4 ملفات),[مخرج آلي / Script Output - سماوي],[مخرج آلي يحتاج مراجعة بشرية - وردي]
1432-03-04,14320304,شكوى أسامة أحمد زيني ـ دعوى رقم 42824717 ـ 30-04-1445 ـ حجم اقل.pdf,شكوى,ي. مرفقات خطاب شكوى وزير العدل الأولى والثانية (21 ملفاً),[مخرج آلي / Script Output - سماوي],[مخرج آلي يحتاج مراجعة بشرية - وردي]
1432-03-04,14320304,شكوى أسامة أحمد زيني ـ دعوى رقم 42824717.pdf,شكوى,ي. مرفقات خطاب شكوى وزير العدل الأولى والثانية (21 ملفاً),[مخرج آلي / Script Output - سماوي],[مخرج آلي يحتاج مراجعة بشرية - وردي]
1432/03/11,14320311,حكم برفض الولاية على الشيخ أحمد زيني من القاضي اللحيدان ـ 08-06-1433هـ.pdf,حكم / صك,أ. المجلد الرئيسي للقضية,[مخرج آلي / Script Output - سماوي],[مخرج آلي يحتاج مراجعة بشرية - وردي]
1432/4/10,14320410,"تقرير خبرة (المرحلة الأولى) صادر عن مكتب ""طلال أبو غزالة وشركاه"" مؤرخ 27/6/2011م ـ 27/6/2011م",تقرير خبرة,أ. المجلد الرئيسي للقضية,[مخرج آلي / Script Output - سماوي],[مخرج آلي يحتاج مراجعة بشرية - وردي]
1432/4/10,14320410,مرفقات المدعي عدنان زيني في الدعوى رقم 42824717.pdf,عقد / اتفاقية,أ. المجلد الرئيسي للقضية,[مخرج آلي / Script Output - سماوي],[مخرج آلي يحتاج مراجعة بشرية - وردي]
1432/4/10,14320410,تقرير أبو غزالة ـ المرحلة الأولى (أولاً وثانياً),عقد / اتفاقية,و. مستندات طلب الالتماس (5 ملفات),[مخرج آلي / Script Output - سماوي],[مخرج آلي يحتاج مراجعة بشرية - وردي]
1432/4/30,14320430,"تقرير خبرة (المرحلة الأولى) صادر عن مكتب ""طلال أبو غزالة وشركاه"" مؤرخ 27/6/2011م ـ 27/6/2011م",تقرير خبرة,أ. المجلد الرئيسي للقضية,[مخرج آلي / Script Output - سماوي],[مخرج آلي يحتاج مراجعة بشرية - وردي]
1432/4/30,14320430,مرفقات المدعي عدنان زيني في الدعوى رقم 42824717.pdf,عقد / اتفاقية,أ. المجلد الرئيسي للقضية,[مخرج آلي / Script Output - سماوي],[مخرج آلي يحتاج مراجعة بشرية - وردي]
1432/4/30,14320430,تقرير أبو غزالة ـ المرحلة الأولى (أولاً وثانياً),عقد / اتفاقية,و. مستندات طلب الالتماس (5 ملفات),[مخرج آلي / Script Output - سماوي],[مخرج آلي يحتاج مراجعة بشرية - وردي]
1432/06/07,14320607,مرفقات المدعي عدنان زيني في الدعوى رقم 42824717.pdf,عقد / اتفاقية,أ. المجلد الرئيسي للقضية,[مخرج آلي / Script Output - سماوي],[مخرج آلي يحتاج مراجعة بشرية - وردي]
1432/6/8,14320608,حكم الولاية على الشيخ أحمد زيني من القاضي الزايدي مصدق من الاستئناف - 26-07-1434.pdf,حكم / صك,أ. المجلد الرئيسي للقضية,[مخرج آلي / Script Output - سماوي],[مخرج آلي يحتاج مراجعة بشرية - وردي]
1432/6/8,14320608,حكم برفض الولاية على الشيخ أحمد زيني من القاضي اللحيدان ـ 08-06-1433هـ.pdf,حكم / صك,أ. المجلد الرئيسي للقضية,[مخرج آلي / Script Output - سماوي],[مخرج آلي يحتاج مراجعة بشرية - وردي]
1432-06-08,14320608,الشكوى ومرفقاتها,شكوى,ط. الشكوى الأولى لوزير العدل رقم 230747621 ـ 30-04-1445 (4 ملفات),[مخرج آلي / Script Output - سماوي],[مخرج آلي يحتاج مراجعة بشرية - وردي]
1432-06-08,14320608,شكوى أسامة أحمد زيني ـ دعوى رقم 42824717 ـ 30-04-1445 ـ حجم اقل.pdf,شكوى,ي. مرفقات خطاب شكوى وزير العدل الأولى والثانية (21 ملفاً),[مخرج آلي / Script Output - سماوي],[مخرج آلي يحتاج مراجعة بشرية - وردي]
1432-06-08,14320608,شكوى أسامة أحمد زيني ـ دعوى رقم 42824717.pdf,شكوى,ي. مرفقات خطاب شكوى وزير العدل الأولى والثانية (21 ملفاً),[مخرج آلي / Script Output - سماوي],[مخرج آلي يحتاج مراجعة بشرية - وردي]
1432/6/26,14320626,مذكرة طلب النقض على الحكم النهائي,حكم / صك,ب. المذكرات المقدمة من الطرفين (49 ملفاً),[مخرج آلي / Script Output - سماوي],[مخرج آلي يحتاج مراجعة بشرية - وردي]
1432/7/10,14320710,حكم الولاية على الشيخ أحمد زيني من القاضي الزايدي مصدق من الاستئناف - 26-07-1434.pdf,حكم / صك,أ. المجلد الرئيسي للقضية,[مخرج آلي / Script Output - سماوي],[مخرج آلي يحتاج مراجعة بشرية - وردي]
1432-07-25,14320725,الشكوى ومرفقاتها,شكوى,ط. الشكوى الأولى لوزير العدل رقم 230747621 ـ 30-04-1445 (4 ملفات),[مخرج آلي / Script Output - سماوي],[مخرج آلي يحتاج مراجعة بشرية - وردي]
1432-07-25,14320725,شكوى أسامة أحمد زيني ـ دعوى رقم 42824717 ـ 30-04-1445 ـ حجم اقل.pdf,شكوى,ي. مرفقات خطاب شكوى وزير العدل الأولى والثانية (21 ملفاً),[مخرج آلي / Script Output - سماوي],[مخرج آلي يحتاج مراجعة بشرية - وردي]
1432-07-25,14320725,شكوى أسامة أحمد زيني ـ دعوى رقم 42824717.pdf,شكوى,ي. مرفقات خطاب شكوى وزير العدل الأولى والثانية (21 ملفاً),[مخرج آلي / Script Output - سماوي],[مخرج آلي يحتاج مراجعة بشرية - وردي]
1432/9/16,14320916,ملف المسحوبات (Excel),وكالة,ح-1. المسحوبات (8 ملفات),[مخرج آلي / Script Output - سماوي],[مخرج آلي يحتاج مراجعة بشرية - وردي]
1432-11-07,14321107,الشكوى ومرفقاتها,شكوى,ط. الشكوى الأولى لوزير العدل رقم 230747621 ـ 30-04-1445 (4 ملفات),[مخرج آلي / Script Output - سماوي],[مخرج آلي يحتاج مراجعة بشرية - وردي]
1432-11-07,14321107,شكوى أسامة أحمد زيني ـ دعوى رقم 42824717 ـ 30-04-1445 ـ حجم اقل.pdf,شكوى,ي. مرفقات خطاب شكوى وزير العدل الأولى والثانية (21 ملفاً),[مخرج آلي / Script Output - سماوي],[مخرج آلي يحتاج مراجعة بشرية - وردي]
1432-11-07,14321107,شكوى أسامة أحمد زيني ـ دعوى رقم 42824717.pdf,شكوى,ي. مرفقات خطاب شكوى وزير العدل الأولى والثانية (21 ملفاً),[مخرج آلي / Script Output - سماوي],[مخرج آلي يحتاج مراجعة بشرية - وردي]
1432/11/21,14321121,حكم برفض الولاية على الشيخ أحمد زيني من القاضي اللحيدان ـ 08-06-1433هـ.pdf,حكم / صك,أ. المجلد الرئيسي للقضية,[مخرج آلي / Script Output - سماوي],[مخرج آلي يحتاج مراجعة بشرية - وردي]
1432/11/21,14321121,مذكرة طلب النقض على الحكم النهائي,حكم / صك,ب. المذكرات المقدمة من الطرفين (49 ملفاً),[مخرج آلي / Script Output - سماوي],[مخرج آلي يحتاج مراجعة بشرية - وردي]
1432/12/1,14321201,اتفاقية الصلح والتخارج في شركات أحمد زيني وأولاده ـ مصدقة من المحكمة,حكم / صك,أ. المجلد الرئيسي للقضية (39 ملفاً),[مخرج آلي / Script Output - سماوي],[مخرج آلي يحتاج مراجعة بشرية - وردي]
1432/12/2,14321202,مذكرة من المحامي السديري 20-02-1445 ـ الاعتراض على تقرير ابو غزالة.pdf,مذكرة قضائية,ب. المذكرات المقدمة من الطرفين (49 ملفاً),[مخرج آلي / Script Output - سماوي],[مخرج آلي يحتاج مراجعة بشرية - وردي]
1432/12/2,14321202,الشكوى ومرفقاتها,شكوى,ط. الشكوى الأولى لوزير العدل رقم 230747621 ـ 30-04-1445 (4 ملفات),[مخرج آلي / Script Output - سماوي],[مخرج آلي يحتاج مراجعة بشرية - وردي]
1432-12-02,14321202,الشكوى ومرفقاتها,شكوى,ط. الشكوى الأولى لوزير العدل رقم 230747621 ـ 30-04-1445 (4 ملفات),[مخرج آلي / Script Output - سماوي],[مخرج آلي يحتاج مراجعة بشرية - وردي]
1432/12/2,14321202,شكوى أسامة أحمد زيني ـ دعوى رقم 42824717 ـ 30-04-1445 ـ حجم اقل.pdf,شكوى,ي. مرفقات خطاب شكوى وزير العدل الأولى والثانية (21 ملفاً),[مخرج آلي / Script Output - سماوي],[مخرج آلي يحتاج مراجعة بشرية - وردي]
1432-12-02,14321202,شكوى أسامة أحمد زيني ـ دعوى رقم 42824717 ـ 30-04-1445 ـ حجم اقل.pdf,شكوى,ي. مرفقات خطاب شكوى وزير العدل الأولى والثانية (21 ملفاً),[مخرج آلي / Script Output - سماوي],[مخرج آلي يحتاج مراجعة بشرية - وردي]
1432/12/2,14321202,شكوى أسامة أحمد زيني ـ دعوى رقم 42824717.pdf,شكوى,ي. مرفقات خطاب شكوى وزير العدل الأولى والثانية (21 ملفاً),[مخرج آلي / Script Output - سماوي],[مخرج آلي يحتاج مراجعة بشرية - وردي]
1432-12-02,14321202,شكوى أسامة أحمد زيني ـ دعوى رقم 42824717.pdf,شكوى,ي. مرفقات خطاب شكوى وزير العدل الأولى والثانية (21 ملفاً),[مخرج آلي / Script Output - سماوي],[مخرج آلي يحتاج مراجعة بشرية - وردي]
1433/1/18,14330118,حكم برفض الولاية على الشيخ أحمد زيني من القاضي اللحيدان ـ 08-06-1433هـ.pdf,حكم / صك,أ. المجلد الرئيسي للقضية,[مخرج آلي / Script Output - سماوي],[مخرج آلي يحتاج مراجعة بشرية - وردي]
1433/02/20,14330220,مزرعة الوادي 1433 (zip),تقرير خبرة,ح-2. المزرعة (7 ملفات),[مخرج آلي / Script Output - سماوي],[مخرج آلي يحتاج مراجعة بشرية - وردي]
1433/02/20,14330220,فلة الوادي 1433 (rar),تقرير خبرة,ح-3. فلة الوادي (5 ملفات),[مخرج آلي / Script Output - سماوي],[مخرج آلي يحتاج مراجعة بشرية - وردي]
1433/3/12,14330312,حكم الولاية على الشيخ أحمد زيني من القاضي الزايدي مصدق من الاستئناف - 26-07-1434.pdf,حكم / صك,أ. المجلد الرئيسي للقضية,[مخرج آلي / Script Output - سماوي],[مخرج آلي يحتاج مراجعة بشرية - وردي]
1433/03/21,14330321,مزرعة الوادي 1433 (zip),تقرير خبرة,ح-2. المزرعة (7 ملفات),[مخرج آلي / Script Output - سماوي],[مخرج آلي يحتاج مراجعة بشرية - وردي]
1433/03/21,14330321,فلة الوادي 1433 (rar),تقرير خبرة,ح-3. فلة الوادي (5 ملفات),[مخرج آلي / Script Output - سماوي],[مخرج آلي يحتاج مراجعة بشرية - وردي]
1433/4/17,14330417,حكم الولاية على الشيخ أحمد زيني من القاضي الزايدي مصدق من الاستئناف - 26-07-1434.pdf,حكم / صك,أ. المجلد الرئيسي للقضية,[مخرج آلي / Script Output - سماوي],[مخرج آلي يحتاج مراجعة بشرية - وردي]
1433/04/20,14330420,مزرعة الوادي 1433 (zip),تقرير خبرة,ح-2. المزرعة (7 ملفات),[مخرج آلي / Script Output - سماوي],[مخرج آلي يحتاج مراجعة بشرية - وردي]
1433/04/20,14330420,فلة الوادي 1433 (rar),تقرير خبرة,ح-3. فلة الوادي (5 ملفات),[مخرج آلي / Script Output - سماوي],[مخرج آلي يحتاج مراجعة بشرية - وردي]
1433/05/15,14330515,مزرعة الوادي 1433 (zip),تقرير خبرة,ح-2. المزرعة (7 ملفات),[مخرج آلي / Script Output - سماوي],[مخرج آلي يحتاج مراجعة بشرية - وردي]
1433/05/15,14330515,فلة الوادي 1433 (rar),تقرير خبرة,ح-3. فلة الوادي (5 ملفات),[مخرج آلي / Script Output - سماوي],[مخرج آلي يحتاج مراجعة بشرية - وردي]
1433/6/8,14330608,حكم الولاية على الشيخ أحمد زيني من القاضي الزايدي مصدق من الاستئناف - 26-07-1434.pdf,حكم / صك,أ. المجلد الرئيسي للقضية,[مخرج آلي / Script Output - سماوي],[مخرج آلي يحتاج مراجعة بشرية - وردي]
1433/06/08,14330608,حكم برفض الولاية على الشيخ أحمد زيني من القاضي اللحيدان ـ 08-06-1433هـ.pdf,حكم / صك,أ. المجلد الرئيسي للقضية,[مخرج آلي / Script Output - سماوي],[مخرج آلي يحتاج مراجعة بشرية - وردي]
1433/6/8,14330608,مذكرة من المحامي السديري 20-02-1445 ـ الاعتراض على تقرير ابو غزالة.pdf,مذكرة قضائية,ب. المذكرات المقدمة من الطرفين (49 ملفاً),[مخرج آلي / Script Output - سماوي],[مخرج آلي يحتاج مراجعة بشرية - وردي]
1433-06-08,14330608,الشكوى ومرفقاتها,شكوى,ط. الشكوى الأولى لوزير العدل رقم 230747621 ـ 30-04-1445 (4 ملفات),[مخرج آلي / Script Output - سماوي],[مخرج آلي يحتاج مراجعة بشرية - وردي]
1433-06-08,14330608,شكوى أسامة أحمد زيني ـ دعوى رقم 42824717 ـ 30-04-1445 ـ حجم اقل.pdf,شكوى,ي. مرفقات خطاب شكوى وزير العدل الأولى والثانية (21 ملفاً),[مخرج آلي / Script Output - سماوي],[مخرج آلي يحتاج مراجعة بشرية - وردي]
1433-06-08,14330608,شكوى أسامة أحمد زيني ـ دعوى رقم 42824717.pdf,شكوى,ي. مرفقات خطاب شكوى وزير العدل الأولى والثانية (21 ملفاً),[مخرج آلي / Script Output - سماوي],[مخرج آلي يحتاج مراجعة بشرية - وردي]
1433/06/17,14330617,مزرعة الوادي 1433 (zip),تقرير خبرة,ح-2. المزرعة (7 ملفات),[مخرج آلي / Script Output - سماوي],[مخرج آلي يحتاج مراجعة بشرية - وردي]
1433/06/17,14330617,فلة الوادي 1433 (rar),تقرير خبرة,ح-3. فلة الوادي (5 ملفات),[مخرج آلي / Script Output - سماوي],[مخرج آلي يحتاج مراجعة بشرية - وردي]
1433/07/19,14330719,مزرعة الوادي 1433 (zip),تقرير خبرة,ح-2. المزرعة (7 ملفات),[مخرج آلي / Script Output - سماوي],[مخرج آلي يحتاج مراجعة بشرية - وردي]
1433/07/19,14330719,فلة الوادي 1433 (rar),تقرير خبرة,ح-3. فلة الوادي (5 ملفات),[مخرج آلي / Script Output - سماوي],[مخرج آلي يحتاج مراجعة بشرية - وردي]
1433/08/21,14330821,مزرعة الوادي 1433 (zip),تقرير خبرة,ح-2. المزرعة (7 ملفات),[مخرج آلي / Script Output - سماوي],[مخرج آلي يحتاج مراجعة بشرية - وردي]
1433/08/21,14330821,فلة الوادي 1433 (rar),تقرير خبرة,ح-3. فلة الوادي (5 ملفات),[مخرج آلي / Script Output - سماوي],[مخرج آلي يحتاج مراجعة بشرية - وردي]
1433/09/23,14330923,مزرعة الوادي 1433 (zip),تقرير خبرة,ح-2. المزرعة (7 ملفات),[مخرج آلي / Script Output - سماوي],[مخرج آلي يحتاج مراجعة بشرية - وردي]
1433/09/23,14330923,فلة الوادي 1433 (rar),تقرير خبرة,ح-3. فلة الوادي (5 ملفات),[مخرج آلي / Script Output - سماوي],[مخرج آلي يحتاج مراجعة بشرية - وردي]
1433/10/24,14331024,مزرعة الوادي 1433 (zip),تقرير خبرة,ح-2. المزرعة (7 ملفات),[مخرج آلي / Script Output - سماوي],[مخرج آلي يحتاج مراجعة بشرية - وردي]
1433/10/24,14331024,فلة الوادي 1433 (rar),تقرير خبرة,ح-3. فلة الوادي (5 ملفات),[مخرج آلي / Script Output - سماوي],[مخرج آلي يحتاج مراجعة بشرية - وردي]
1433/11/21,14331121,شكوى أسامة أحمد زيني ـ دعوى رقم 42824717 ـ 30-04-1445 ـ حجم اقل.pdf,شكوى,ي. مرفقات خطاب شكوى وزير العدل الأولى والثانية (21 ملفاً),[مخرج آلي / Script Output - سماوي],[مخرج آلي يحتاج مراجعة بشرية - وردي]
1433/11/21,14331121,ملحق تنازل عدنان عن حصته ـ 10-02-1434 ـ نسخة,عقد / اتفاقية,ي. مرفقات خطاب شكوى وزير العدل الأولى والثانية (21 ملفاً),[مخرج آلي / Script Output - سماوي],[مخرج آلي يحتاج مراجعة بشرية - وردي]
1433/11/23,14331123,مزرعة الوادي 1433 (zip),تقرير خبرة,ح-2. المزرعة (7 ملفات),[مخرج آلي / Script Output - سماوي],[مخرج آلي يحتاج مراجعة بشرية - وردي]
1433/11/23,14331123,فلة الوادي 1433 (rar),تقرير خبرة,ح-3. فلة الوادي (5 ملفات),[مخرج آلي / Script Output - سماوي],[مخرج آلي يحتاج مراجعة بشرية - وردي]
1433/12/30,14331230,ملف المسحوبات (Excel),وكالة,ح-1. المسحوبات (8 ملفات),[مخرج آلي / Script Output - سماوي],[مخرج آلي يحتاج مراجعة بشرية - وردي]
1434/2/10,14340210,حكم الولاية على الشيخ أحمد زيني من القاضي الزايدي مصدق من الاستئناف - 26-07-1434.pdf,حكم / صك,أ. المجلد الرئيسي للقضية,[مخرج آلي / Script Output - سماوي],[مخرج آلي يحتاج مراجعة بشرية - وردي]
1434 / 02 / 10,14340210,ملف دراسة دفع بعدم صفة المدعي/ عدنان في الدعوى لكون المورث قد امتدت حياته عقب العقد بسبع سنوات دون أن يطعن في العقد. ـ —,عقد / اتفاقية,أ. المجلد الرئيسي للقضية,[مخرج آلي / Script Output - سماوي],[مخرج آلي يحتاج مراجعة بشرية - وردي]
1434/02/10,14340210,مذكرة جوابية على المدعي ـ 02-09-1447 (نسخة),مذكرة قضائية,ب. المذكرات المقدمة من الطرفين (49 ملفاً),[مخرج آلي / Script Output - سماوي],[مخرج آلي يحتاج مراجعة بشرية - وردي]
1434/2/10,14340210,مذكرة من المحامي السديري 20-02-1445 ـ الاعتراض على تقرير ابو غزالة.pdf,مذكرة قضائية,ب. المذكرات المقدمة من الطرفين (49 ملفاً),[مخرج آلي / Script Output - سماوي],[مخرج آلي يحتاج مراجعة بشرية - وردي]
1434/2/10,14340210,الشكوى ومرفقاتها,شكوى,ط. الشكوى الأولى لوزير العدل رقم 230747621 ـ 30-04-1445 (4 ملفات),[مخرج آلي / Script Output - سماوي],[مخرج آلي يحتاج مراجعة بشرية - وردي]
1434/2/10,14340210,شكوى أسامة أحمد زيني ـ دعوى رقم 42824717 ـ 30-04-1445 ـ حجم اقل.pdf,شكوى,ي. مرفقات خطاب شكوى وزير العدل الأولى والثانية (21 ملفاً),[مخرج آلي / Script Output - سماوي],[مخرج آلي يحتاج مراجعة بشرية - وردي]
1434/2/10,14340210,شكوى أسامة أحمد زيني ـ دعوى رقم 42824717.pdf,شكوى,ي. مرفقات خطاب شكوى وزير العدل الأولى والثانية (21 ملفاً),[مخرج آلي / Script Output - سماوي],[مخرج آلي يحتاج مراجعة بشرية - وردي]
1434/02/26,14340226,مزرعة الوادي 1434 (zip),تقرير خبرة,ح-2. المزرعة (7 ملفات),[مخرج آلي / Script Output - سماوي],[مخرج آلي يحتاج مراجعة بشرية - وردي]
1434/2/30,14340230,ملف المسحوبات (Excel),وكالة,ح-1. المسحوبات (8 ملفات),[مخرج آلي / Script Output - سماوي],[مخرج آلي يحتاج مراجعة بشرية - وردي]
1434/04/02,14340402,مزرعة الوادي 1434 (zip),تقرير خبرة,ح-2. المزرعة (7 ملفات),[مخرج آلي / Script Output - سماوي],[مخرج آلي يحتاج مراجعة بشرية - وردي]
1434/4/20,14340420,حكم الولاية على الشيخ أحمد زيني من القاضي الزايدي مصدق من الاستئناف - 26-07-1434.pdf,حكم / صك,أ. المجلد الرئيسي للقضية,[مخرج آلي / Script Output - سماوي],[مخرج آلي يحتاج مراجعة بشرية - وردي]
1434/04/28,14340428,مزرعة الوادي 1434 (zip),تقرير خبرة,ح-2. المزرعة (7 ملفات),[مخرج آلي / Script Output - سماوي],[مخرج آلي يحتاج مراجعة بشرية - وردي]
1434/05/29,14340529,حكم الولاية على الشيخ أحمد زيني من القاضي الزايدي مصدق من الاستئناف - 26-07-1434.pdf,حكم / صك,أ. المجلد الرئيسي للقضية,[مخرج آلي / Script Output - سماوي],[مخرج آلي يحتاج مراجعة بشرية - وردي]
1434/05/29,14340529,مزرعة الوادي 1434 (zip),تقرير خبرة,ح-2. المزرعة (7 ملفات),[مخرج آلي / Script Output - سماوي],[مخرج آلي يحتاج مراجعة بشرية - وردي]
1434/06/07,14340607,حكم الولاية على الشيخ أحمد زيني من القاضي الزايدي مصدق من الاستئناف - 26-07-1434.pdf,حكم / صك,أ. المجلد الرئيسي للقضية,[مخرج آلي / Script Output - سماوي],[مخرج آلي يحتاج مراجعة بشرية - وردي]
1434/06/14,14340614,حكم الولاية على الشيخ أحمد زيني من القاضي الزايدي مصدق من الاستئناف - 26-07-1434.pdf,حكم / صك,أ. المجلد الرئيسي للقضية,[مخرج آلي / Script Output - سماوي],[مخرج آلي يحتاج مراجعة بشرية - وردي]
1434/6/14,14340614,حكم الولاية على الشيخ أحمد زيني من القاضي الزايدي مصدق من الاستئناف - 26-07-1434.pdf,حكم / صك,أ. المجلد الرئيسي للقضية,[مخرج آلي / Script Output - سماوي],[مخرج آلي يحتاج مراجعة بشرية - وردي]
1434/06/28,14340628,حكم الولاية على الشيخ أحمد زيني من القاضي الزايدي مصدق من الاستئناف - 26-07-1434.pdf,حكم / صك,أ. المجلد الرئيسي للقضية,[مخرج آلي / Script Output - سماوي],[مخرج آلي يحتاج مراجعة بشرية - وردي]
1434/6/28,14340628,حكم الولاية على الشيخ أحمد زيني من القاضي الزايدي مصدق من الاستئناف - 26-07-1434.pdf,حكم / صك,أ. المجلد الرئيسي للقضية,[مخرج آلي / Script Output - سماوي],[مخرج آلي يحتاج مراجعة بشرية - وردي]
1434/06/30,14340630,المسحوبات 1434 (zip),حكم / صك,ح-1. المسحوبات (8 ملفات),[مخرج آلي / Script Output - سماوي],[مخرج آلي يحتاج مراجعة بشرية - وردي]
1434/07/05,14340705,حكم الولاية على الشيخ أحمد زيني من القاضي الزايدي مصدق من الاستئناف - 26-07-1434.pdf,حكم / صك,أ. المجلد الرئيسي للقضية,[مخرج آلي / Script Output - سماوي],[مخرج آلي يحتاج مراجعة بشرية - وردي]
1434/07/12,14340712,حكم الولاية على الشيخ أحمد زيني من القاضي الزايدي مصدق من الاستئناف - 26-07-1434.pdf,حكم / صك,أ. المجلد الرئيسي للقضية,[مخرج آلي / Script Output - سماوي],[مخرج آلي يحتاج مراجعة بشرية - وردي]
1434/07/26,14340726,حكم الولاية على الشيخ أحمد زيني من القاضي الزايدي مصدق من الاستئناف - 26-07-1434.pdf,حكم / صك,أ. المجلد الرئيسي للقضية,[مخرج آلي / Script Output - سماوي],[مخرج آلي يحتاج مراجعة بشرية - وردي]
1434-07-26,14340726,الشكوى ومرفقاتها,شكوى,ط. الشكوى الأولى لوزير العدل رقم 230747621 ـ 30-04-1445 (4 ملفات),[مخرج آلي / Script Output - سماوي],[مخرج آلي يحتاج مراجعة بشرية - وردي]
1434-07-26,14340726,شكوى أسامة أحمد زيني ـ دعوى رقم 42824717 ـ 30-04-1445 ـ حجم اقل.pdf,شكوى,ي. مرفقات خطاب شكوى وزير العدل الأولى والثانية (21 ملفاً),[مخرج آلي / Script Output - سماوي],[مخرج آلي يحتاج مراجعة بشرية - وردي]
1434-07-26,14340726,شكوى أسامة أحمد زيني ـ دعوى رقم 42824717.pdf,شكوى,ي. مرفقات خطاب شكوى وزير العدل الأولى والثانية (21 ملفاً),[مخرج آلي / Script Output - سماوي],[مخرج آلي يحتاج مراجعة بشرية - وردي]
1434-07-26,14340726,شكوى اسامة زيني لوزير العدل 13-11-1445 ـ 21-05-2024.pdf,شكوى,ي. مرفقات خطاب شكوى وزير العدل الأولى والثانية (21 ملفاً),[مخرج آلي / Script Output - سماوي],[مخرج آلي يحتاج مراجعة بشرية - وردي]
1434-07-26,14340726,ملف مؤقت tmp,حكم / صك,ي. مرفقات خطاب شكوى وزير العدل الأولى والثانية (21 ملفاً),[مخرج آلي / Script Output - سماوي],[مخرج آلي يحتاج مراجعة بشرية - وردي]
1434-07-26,14340726,شكوى اسامة زيني الى وزير العدل ـ 13-011-1445 ـ 21-05-2024 ـ ومرفقاتها.pdf,شكوى,ك. إعادة فتح الشكوى الثانية 199058 ـ 13-11-1445 (7 ملفات),[مخرج آلي / Script Output - سماوي],[مخرج آلي يحتاج مراجعة بشرية - وردي]
1434-07-26,14340726,شكوى لوزير العدل 13-11-1445,شكوى,ك. إعادة فتح الشكوى الثانية 199058 ـ 13-11-1445 (7 ملفات),[مخرج آلي / Script Output - سماوي],[مخرج آلي يحتاج مراجعة بشرية - وردي]
1434-07-26,14340726,شكوى اسامة زيني الى وزير العدل ـ 26-04-1446 ـ 29-10-2024 ـ ومرفقاتها.pdf,شكوى,ل. الشكوى الثالثة لوزير العدل ـ 26-04-1446 (7 ملفات),[مخرج آلي / Script Output - سماوي],[مخرج آلي يحتاج مراجعة بشرية - وردي]
1434-07-26,14340726,الشكوى الرابعة,شكوى,م. الشكوى الرابعة لوزير العدل ـ 09-06-1446 (ملفان),[مخرج آلي / Script Output - سماوي],[مخرج آلي يحتاج مراجعة بشرية - وردي]
1434-07-26,14340726,مرفقات الشكوى,شكوى,ن. شكوى أسامة زيني إلى ولي العهد ـ 17-11-1445 (9 ملفات),[مخرج آلي / Script Output - سماوي],[مخرج آلي يحتاج مراجعة بشرية - وردي]
1434/07/27,14340727,مزرعة الوادي 1434 (zip),تقرير خبرة,ح-2. المزرعة (7 ملفات),[مخرج آلي / Script Output - سماوي],[مخرج آلي يحتاج مراجعة بشرية - وردي]
1434/10/08,14341008,مزرعة الوادي 1434 (zip),تقرير خبرة,ح-2. المزرعة (7 ملفات),[مخرج آلي / Script Output - سماوي],[مخرج آلي يحتاج مراجعة بشرية - وردي]
1434/11/24,14341124,التماس على الحكم النهائي ـ دائرة الاستئناف الثانية,حكم / صك,ب. المذكرات المقدمة من الطرفين (49 ملفاً),[مخرج آلي / Script Output - سماوي],[مخرج آلي يحتاج مراجعة بشرية - وردي]
1434/11/24,14341124,المسحوبات 1434 (zip),حكم / صك,ح-1. المسحوبات (8 ملفات),[مخرج آلي / Script Output - سماوي],[مخرج آلي يحتاج مراجعة بشرية - وردي]
1434/11/24,14341124,التماس على الحكم النهائي ـ نسخة,حكم / صك,ي. مرفقات خطاب شكوى وزير العدل الأولى والثانية (21 ملفاً),[مخرج آلي / Script Output - سماوي],[مخرج آلي يحتاج مراجعة بشرية - وردي]
1434/11/24,14341124,التماس على الحكم النهائي ـ نسخة ثانية,حكم / صك,ي. مرفقات خطاب شكوى وزير العدل الأولى والثانية (21 ملفاً),[مخرج آلي / Script Output - سماوي],[مخرج آلي يحتاج مراجعة بشرية - وردي]
1434/11/24,14341124,شكوى اسامة زيني لوزير العدل 13-11-1445 ـ 21-05-2024.pdf,شكوى,ي. مرفقات خطاب شكوى وزير العدل الأولى والثانية (21 ملفاً),[مخرج آلي / Script Output - سماوي],[مخرج آلي يحتاج مراجعة بشرية - وردي]
1434/11/24,14341124,ملف مؤقت tmp,حكم / صك,ي. مرفقات خطاب شكوى وزير العدل الأولى والثانية (21 ملفاً),[مخرج آلي / Script Output - سماوي],[مخرج آلي يحتاج مراجعة بشرية - وردي]
1434/11/24,14341124,شكوى اسامة زيني الى وزير العدل ـ 13-011-1445 ـ 21-05-2024 ـ ومرفقاتها.pdf,شكوى,ك. إعادة فتح الشكوى الثانية 199058 ـ 13-11-1445 (7 ملفات),[مخرج آلي / Script Output - سماوي],[مخرج آلي يحتاج مراجعة بشرية - وردي]
1434/11/24,14341124,شكوى لوزير العدل 13-11-1445,شكوى,ك. إعادة فتح الشكوى الثانية 199058 ـ 13-11-1445 (7 ملفات),[مخرج آلي / Script Output - سماوي],[مخرج آلي يحتاج مراجعة بشرية - وردي]
1434/11/24,14341124,شكوى اسامة زيني الى وزير العدل ـ 26-04-1446 ـ 29-10-2024 ـ ومرفقاتها.pdf,شكوى,ل. الشكوى الثالثة لوزير العدل ـ 26-04-1446 (7 ملفات),[مخرج آلي / Script Output - سماوي],[مخرج آلي يحتاج مراجعة بشرية - وردي]
1434/11/24,14341124,الشكوى الرابعة,شكوى,م. الشكوى الرابعة لوزير العدل ـ 09-06-1446 (ملفان),[مخرج آلي / Script Output - سماوي],[مخرج آلي يحتاج مراجعة بشرية - وردي]
1434/11/24,14341124,الشكوى ومرفقاتها,شكوى,ن. شكوى أسامة زيني إلى ولي العهد ـ 17-11-1445 (9 ملفات),[مخرج آلي / Script Output - سماوي],[مخرج آلي يحتاج مراجعة بشرية - وردي]
1434/11/24,14341124,مرفقات الشكوى,شكوى,ن. شكوى أسامة زيني إلى ولي العهد ـ 17-11-1445 (9 ملفات),[مخرج آلي / Script Output - سماوي],[مخرج آلي يحتاج مراجعة بشرية - وردي]
1435/01/06,14350106,مزرعة الوادي 1435 (zip),تقرير خبرة,ح-2. المزرعة (7 ملفات),[مخرج آلي / Script Output - سماوي],[مخرج آلي يحتاج مراجعة بشرية - وردي]
1435/02/01,14350201,المسحوبات 1435 (zip),حكم / صك,ح-1. المسحوبات (8 ملفات),[مخرج آلي / Script Output - سماوي],[مخرج آلي يحتاج مراجعة بشرية - وردي]
1435/02/07,14350207,المسحوبات 1435 (zip),حكم / صك,ح-1. المسحوبات (8 ملفات),[مخرج آلي / Script Output - سماوي],[مخرج آلي يحتاج مراجعة بشرية - وردي]
1435/03/11,14350311,مزرعة الوادي 1435 (zip),تقرير خبرة,ح-2. المزرعة (7 ملفات),[مخرج آلي / Script Output - سماوي],[مخرج آلي يحتاج مراجعة بشرية - وردي]
1435/04/10,14350410,مزرعة الوادي 1435 (zip),تقرير خبرة,ح-2. المزرعة (7 ملفات),[مخرج آلي / Script Output - سماوي],[مخرج آلي يحتاج مراجعة بشرية - وردي]
1435/05/11,14350511,مزرعة الوادي 1435 (zip),تقرير خبرة,ح-2. المزرعة (7 ملفات),[مخرج آلي / Script Output - سماوي],[مخرج آلي يحتاج مراجعة بشرية - وردي]
1435/06/13,14350613,مزرعة الوادي 1435 (zip),تقرير خبرة,ح-2. المزرعة (7 ملفات),[مخرج آلي / Script Output - سماوي],[مخرج آلي يحتاج مراجعة بشرية - وردي]
1435/06/30,14350630,المسحوبات 1435 (zip),حكم / صك,ح-1. المسحوبات (8 ملفات),[مخرج آلي / Script Output - سماوي],[مخرج آلي يحتاج مراجعة بشرية - وردي]
1435/08/11,14350811,المسحوبات 1435 (zip),حكم / صك,ح-1. المسحوبات (8 ملفات),[مخرج آلي / Script Output - سماوي],[مخرج آلي يحتاج مراجعة بشرية - وردي]
1435/08/29,14350829,حكم الولاية على الشيخ أحمد زيني من القاضي الزايدي مصدق من الاستئناف - 26-07-1434.pdf,حكم / صك,أ. المجلد الرئيسي للقضية,[مخرج آلي / Script Output - سماوي],[مخرج آلي يحتاج مراجعة بشرية - وردي]
1435/09/24,14350924,محضر رفع التصرف على صك أرض التنس بموجب طلب الإفلاس من عدنان رقم (405034600788314) وتاريخ 23/03/1446هـ. ـ 23/03/1446هـ,حكم / صك,أ. المجلد الرئيسي للقضية,[مخرج آلي / Script Output - سماوي],[مخرج آلي يحتاج مراجعة بشرية - وردي]
1435-11-02,14351102,المسحوبات 1435 (zip),حكم / صك,ح-1. المسحوبات (8 ملفات),[مخرج آلي / Script Output - سماوي],[مخرج آلي يحتاج مراجعة بشرية - وردي]
1435/11/6,14351106,ملف المسحوبات (Excel),وكالة,ح-1. المسحوبات (8 ملفات),[مخرج آلي / Script Output - سماوي],[مخرج آلي يحتاج مراجعة بشرية - وردي]
1435/12/20,14351220,المسحوبات 1435 (zip),حكم / صك,ح-1. المسحوبات (8 ملفات),[مخرج آلي / Script Output - سماوي],[مخرج آلي يحتاج مراجعة بشرية - وردي]
1435/12/21,14351221,المسحوبات 1435 (zip),حكم / صك,ح-1. المسحوبات (8 ملفات),[مخرج آلي / Script Output - سماوي],[مخرج آلي يحتاج مراجعة بشرية - وردي]
1435/12/25,14351225,المسحوبات 1435 (zip),حكم / صك,ح-1. المسحوبات (8 ملفات),[مخرج آلي / Script Output - سماوي],[مخرج آلي يحتاج مراجعة بشرية - وردي]
1435/12/27,14351227,المسحوبات 1435 (zip),حكم / صك,ح-1. المسحوبات (8 ملفات),[مخرج آلي / Script Output - سماوي],[مخرج آلي يحتاج مراجعة بشرية - وردي]
1436/02/04,14360204,المسحوبات 1436 (zip),عقد / اتفاقية,ح-1. المسحوبات (8 ملفات),[مخرج آلي / Script Output - سماوي],[مخرج آلي يحتاج مراجعة بشرية - وردي]
1436/03/13,14360313,المسحوبات 1436 (zip),عقد / اتفاقية,ح-1. المسحوبات (8 ملفات),[مخرج آلي / Script Output - سماوي],[مخرج آلي يحتاج مراجعة بشرية - وردي]
1436/03/23,14360323,مزرعة الوادي 1436 (zip),تقرير خبرة,ح-2. المزرعة (7 ملفات),[مخرج آلي / Script Output - سماوي],[مخرج آلي يحتاج مراجعة بشرية - وردي]
1436/04/20,14360420,المسحوبات 1436 (zip),عقد / اتفاقية,ح-1. المسحوبات (8 ملفات),[مخرج آلي / Script Output - سماوي],[مخرج آلي يحتاج مراجعة بشرية - وردي]
1436/06/05,14360605,المسحوبات 1436 (zip),عقد / اتفاقية,ح-1. المسحوبات (8 ملفات),[مخرج آلي / Script Output - سماوي],[مخرج آلي يحتاج مراجعة بشرية - وردي]
1436/06/13,14360613,المسحوبات 1436 (zip),عقد / اتفاقية,ح-1. المسحوبات (8 ملفات),[مخرج آلي / Script Output - سماوي],[مخرج آلي يحتاج مراجعة بشرية - وردي]
1436/06/19,14360619,حكم الولاية على الشيخ أحمد زيني من القاضي الزايدي مصدق من الاستئناف - 26-07-1434.pdf,حكم / صك,أ. المجلد الرئيسي للقضية,[مخرج آلي / Script Output - سماوي],[مخرج آلي يحتاج مراجعة بشرية - وردي]
1436/06/20,14360620,المسحوبات 1436 (zip),عقد / اتفاقية,ح-1. المسحوبات (8 ملفات),[مخرج آلي / Script Output - سماوي],[مخرج آلي يحتاج مراجعة بشرية - وردي]
1436/6/24,14360624,مزرعة الوادي 1436 (zip),تقرير خبرة,ح-2. المزرعة (7 ملفات),[مخرج آلي / Script Output - سماوي],[مخرج آلي يحتاج مراجعة بشرية - وردي]
1436/06/26,14360626,المسحوبات 1436 (zip),عقد / اتفاقية,ح-1. المسحوبات (8 ملفات),[مخرج آلي / Script Output - سماوي],[مخرج آلي يحتاج مراجعة بشرية - وردي]
1436/08/11,14360811,المسحوبات 2015 (zip),عقد / اتفاقية,ح-1. المسحوبات (8 ملفات),[مخرج آلي / Script Output - سماوي],[مخرج آلي يحتاج مراجعة بشرية - وردي]
1436/8/21,14360821,مزرعة الوادي 1436 (zip),تقرير خبرة,ح-2. المزرعة (7 ملفات),[مخرج آلي / Script Output - سماوي],[مخرج آلي يحتاج مراجعة بشرية - وردي]
1436/08/28,14360828,المسحوبات 1436 (zip),عقد / اتفاقية,ح-1. المسحوبات (8 ملفات),[مخرج آلي / Script Output - سماوي],[مخرج آلي يحتاج مراجعة بشرية - وردي]
1436/09/20,14360920,الشكوى ومرفقاتها,شكوى,ن. شكوى أسامة زيني إلى ولي العهد ـ 17-11-1445 (9 ملفات),[مخرج آلي / Script Output - سماوي],[مخرج آلي يحتاج مراجعة بشرية - وردي]
1436/09/25,14360925,الشكوى ومرفقاتها,شكوى,ن. شكوى أسامة زيني إلى ولي العهد ـ 17-11-1445 (9 ملفات),[مخرج آلي / Script Output - سماوي],[مخرج آلي يحتاج مراجعة بشرية - وردي]
1436/9/27,14360927,مزرعة الوادي 1436 (zip),تقرير خبرة,ح-2. المزرعة (7 ملفات),[مخرج آلي / Script Output - سماوي],[مخرج آلي يحتاج مراجعة بشرية - وردي]
1436/10/17,14361017,المسحوبات 2015 (zip),عقد / اتفاقية,ح-1. المسحوبات (8 ملفات),[مخرج آلي / Script Output - سماوي],[مخرج آلي يحتاج مراجعة بشرية - وردي]
1436/10/19,14361019,المسحوبات 2015 (zip),عقد / اتفاقية,ح-1. المسحوبات (8 ملفات),[مخرج آلي / Script Output - سماوي],[مخرج آلي يحتاج مراجعة بشرية - وردي]
1436/11/10,14361110,المسحوبات 2015 (zip),عقد / اتفاقية,ح-1. المسحوبات (8 ملفات),[مخرج آلي / Script Output - سماوي],[مخرج آلي يحتاج مراجعة بشرية - وردي]
1436/12/29,14361229,حكم الولاية على الشيخ أحمد زيني من القاضي الزايدي مصدق من الاستئناف - 26-07-1434.pdf,حكم / صك,أ. المجلد الرئيسي للقضية,[مخرج آلي / Script Output - سماوي],[مخرج آلي يحتاج مراجعة بشرية - وردي]
1437/01/01,14370101,المسحوبات 2015 (zip),عقد / اتفاقية,ح-1. المسحوبات (8 ملفات),[مخرج آلي / Script Output - سماوي],[مخرج آلي يحتاج مراجعة بشرية - وردي]
1437-01-02,14370102,المسحوبات 2015 (zip),عقد / اتفاقية,ح-1. المسحوبات (8 ملفات),[مخرج آلي / Script Output - سماوي],[مخرج آلي يحتاج مراجعة بشرية - وردي]
1437/01/29,14370129,المسحوبات 2015 (zip),عقد / اتفاقية,ح-1. المسحوبات (8 ملفات),[مخرج آلي / Script Output - سماوي],[مخرج آلي يحتاج مراجعة بشرية - وردي]
1437/03/19,14370319,المسحوبات 2015 (zip),عقد / اتفاقية,ح-1. المسحوبات (8 ملفات),[مخرج آلي / Script Output - سماوي],[مخرج آلي يحتاج مراجعة بشرية - وردي]
1437/03/20,14370320,المسحوبات 2015 (zip),عقد / اتفاقية,ح-1. المسحوبات (8 ملفات),[مخرج آلي / Script Output - سماوي],[مخرج آلي يحتاج مراجعة بشرية - وردي]
1437/09/20,14370920,الشكوى ومرفقاتها,شكوى,ن. شكوى أسامة زيني إلى ولي العهد ـ 17-11-1445 (9 ملفات),[مخرج آلي / Script Output - سماوي],[مخرج آلي يحتاج مراجعة بشرية - وردي]
1438/2/10,14380210,حكم الولاية على الشيخ أحمد زيني من القاضي الزايدي مصدق من الاستئناف - 26-07-1434.pdf,حكم / صك,أ. المجلد الرئيسي للقضية,[مخرج آلي / Script Output - سماوي],[مخرج آلي يحتاج مراجعة بشرية - وردي]
1438/3/14,14380314,ملحق تنازل الشيخ احمد زيني عن كامل حصصه الى الشيخ اسامة في شركة احمد زيني التجارية ـ 16-10-1431.pdf,عقد / اتفاقية,أ. المجلد الرئيسي للقضية,[مخرج آلي / Script Output - سماوي],[مخرج آلي يحتاج مراجعة بشرية - وردي]
1438/3/14,14380314,مذكرة طلب النقض على الحكم النهائي,حكم / صك,ب. المذكرات المقدمة من الطرفين (49 ملفاً),[مخرج آلي / Script Output - سماوي],[مخرج آلي يحتاج مراجعة بشرية - وردي]
1438/3/14,14380314,مرفق 1 ـ مذكرة عزام خوج ـ 05-07-1434,مذكرة قضائية,ب. المذكرات المقدمة من الطرفين (49 ملفاً),[مخرج آلي / Script Output - سماوي],[مخرج آلي يحتاج مراجعة بشرية - وردي]
1438/3/14,14380314,الشكوى ومرفقاتها,شكوى,ط. الشكوى الأولى لوزير العدل رقم 230747621 ـ 30-04-1445 (4 ملفات),[مخرج آلي / Script Output - سماوي],[مخرج آلي يحتاج مراجعة بشرية - وردي]
1438/3/14,14380314,شكوى أسامة أحمد زيني ـ دعوى رقم 42824717.pdf,شكوى,ي. مرفقات خطاب شكوى وزير العدل الأولى والثانية (21 ملفاً),[مخرج آلي / Script Output - سماوي],[مخرج آلي يحتاج مراجعة بشرية - وردي]
1438/3/14,14380314,ملحق تنازل عدنان عن حصته ـ 10-02-1434 ـ نسخة,عقد / اتفاقية,ي. مرفقات خطاب شكوى وزير العدل الأولى والثانية (21 ملفاً),[مخرج آلي / Script Output - سماوي],[مخرج آلي يحتاج مراجعة بشرية - وردي]
1438/4/18,14380418,ملحق تنازل الشيخ احمد زيني عن كامل حصصه الى الشيخ اسامة في شركة احمد زيني التجارية ـ 16-10-1431.pdf,عقد / اتفاقية,أ. المجلد الرئيسي للقضية,[مخرج آلي / Script Output - سماوي],[مخرج آلي يحتاج مراجعة بشرية - وردي]
1438/4/18,14380418,مذكرة طلب النقض على الحكم النهائي,حكم / صك,ب. المذكرات المقدمة من الطرفين (49 ملفاً),[مخرج آلي / Script Output - سماوي],[مخرج آلي يحتاج مراجعة بشرية - وردي]
1438/4/18,14380418,مرفق 3 ـ مذكرة أبو راشد ـ 23-01-1443,مذكرة قضائية,ب. المذكرات المقدمة من الطرفين (49 ملفاً),[مخرج آلي / Script Output - سماوي],[مخرج آلي يحتاج مراجعة بشرية - وردي]
1438/4/18,14380418,الشكوى ومرفقاتها,شكوى,ط. الشكوى الأولى لوزير العدل رقم 230747621 ـ 30-04-1445 (4 ملفات),[مخرج آلي / Script Output - سماوي],[مخرج آلي يحتاج مراجعة بشرية - وردي]
1438/4/18,14380418,شكوى أسامة أحمد زيني ـ دعوى رقم 42824717 ـ 30-04-1445 ـ حجم اقل.pdf,شكوى,ي. مرفقات خطاب شكوى وزير العدل الأولى والثانية (21 ملفاً),[مخرج آلي / Script Output - سماوي],[مخرج آلي يحتاج مراجعة بشرية - وردي]
1438/4/18,14380418,شكوى أسامة أحمد زيني ـ دعوى رقم 42824717.pdf,شكوى,ي. مرفقات خطاب شكوى وزير العدل الأولى والثانية (21 ملفاً),[مخرج آلي / Script Output - سماوي],[مخرج آلي يحتاج مراجعة بشرية - وردي]
1438/4/18,14380418,ملحق تنازل عدنان عن حصته ـ 10-02-1434 ـ نسخة,عقد / اتفاقية,ي. مرفقات خطاب شكوى وزير العدل الأولى والثانية (21 ملفاً),[مخرج آلي / Script Output - سماوي],[مخرج آلي يحتاج مراجعة بشرية - وردي]
1438/4/21,14380421,محضر جلسة دعوى عدنان ضد أسامة,محضر,أ. المجلد الرئيسي للقضية (39 ملفاً),[مخرج آلي / Script Output - سماوي],[مخرج آلي يحتاج مراجعة بشرية - وردي]
1438-4-21,14380421,الشكوى ومرفقاتها,شكوى,ط. الشكوى الأولى لوزير العدل رقم 230747621 ـ 30-04-1445 (4 ملفات),[مخرج آلي / Script Output - سماوي],[مخرج آلي يحتاج مراجعة بشرية - وردي]
1438-4-21,14380421,شكوى أسامة أحمد زيني ـ دعوى رقم 42824717 ـ 30-04-1445 ـ حجم اقل.pdf,شكوى,ي. مرفقات خطاب شكوى وزير العدل الأولى والثانية (21 ملفاً),[مخرج آلي / Script Output - سماوي],[مخرج آلي يحتاج مراجعة بشرية - وردي]
1438-4-21,14380421,شكوى أسامة أحمد زيني ـ دعوى رقم 42824717.pdf,شكوى,ي. مرفقات خطاب شكوى وزير العدل الأولى والثانية (21 ملفاً),[مخرج آلي / Script Output - سماوي],[مخرج آلي يحتاج مراجعة بشرية - وردي]
1438-4-21,14380421,شكوى اسامة زيني لوزير العدل 13-11-1445 ـ 21-05-2024.pdf,شكوى,ي. مرفقات خطاب شكوى وزير العدل الأولى والثانية (21 ملفاً),[مخرج آلي / Script Output - سماوي],[مخرج آلي يحتاج مراجعة بشرية - وردي]
1438-4-21,14380421,ملف مؤقت tmp,حكم / صك,ي. مرفقات خطاب شكوى وزير العدل الأولى والثانية (21 ملفاً),[مخرج آلي / Script Output - سماوي],[مخرج آلي يحتاج مراجعة بشرية - وردي]
1438-4-21,14380421,شكوى اسامة زيني الى وزير العدل ـ 13-011-1445 ـ 21-05-2024 ـ ومرفقاتها.pdf,شكوى,ك. إعادة فتح الشكوى الثانية 199058 ـ 13-11-1445 (7 ملفات),[مخرج آلي / Script Output - سماوي],[مخرج آلي يحتاج مراجعة بشرية - وردي]
1438-4-21,14380421,شكوى لوزير العدل 13-11-1445,شكوى,ك. إعادة فتح الشكوى الثانية 199058 ـ 13-11-1445 (7 ملفات),[مخرج آلي / Script Output - سماوي],[مخرج آلي يحتاج مراجعة بشرية - وردي]
1438-4-21,14380421,شكوى اسامة زيني الى وزير العدل ـ 26-04-1446 ـ 29-10-2024 ـ ومرفقاتها.pdf,شكوى,ل. الشكوى الثالثة لوزير العدل ـ 26-04-1446 (7 ملفات),[مخرج آلي / Script Output - سماوي],[مخرج آلي يحتاج مراجعة بشرية - وردي]
1438-4-21,14380421,الشكوى الرابعة,شكوى,م. الشكوى الرابعة لوزير العدل ـ 09-06-1446 (ملفان),[مخرج آلي / Script Output - سماوي],[مخرج آلي يحتاج مراجعة بشرية - وردي]
1438-4-21,14380421,مرفقات الشكوى,شكوى,ن. شكوى أسامة زيني إلى ولي العهد ـ 17-11-1445 (9 ملفات),[مخرج آلي / Script Output - سماوي],[مخرج آلي يحتاج مراجعة بشرية - وردي]
1438/07/26,14380726,مذكرة طلب النقض على الحكم النهائي,حكم / صك,ب. المذكرات المقدمة من الطرفين (49 ملفاً),[مخرج آلي / Script Output - سماوي],[مخرج آلي يحتاج مراجعة بشرية - وردي]
1438-10-25,14381025,الشكوى ومرفقاتها,شكوى,ط. الشكوى الأولى لوزير العدل رقم 230747621 ـ 30-04-1445 (4 ملفات),[مخرج آلي / Script Output - سماوي],[مخرج آلي يحتاج مراجعة بشرية - وردي]
1438-10-25,14381025,شكوى أسامة أحمد زيني ـ دعوى رقم 42824717 ـ 30-04-1445 ـ حجم اقل.pdf,شكوى,ي. مرفقات خطاب شكوى وزير العدل الأولى والثانية (21 ملفاً),[مخرج آلي / Script Output - سماوي],[مخرج آلي يحتاج مراجعة بشرية - وردي]
1438-10-25,14381025,شكوى أسامة أحمد زيني ـ دعوى رقم 42824717.pdf,شكوى,ي. مرفقات خطاب شكوى وزير العدل الأولى والثانية (21 ملفاً),[مخرج آلي / Script Output - سماوي],[مخرج آلي يحتاج مراجعة بشرية - وردي]
1438-11-25,14381125,صك حكم نهائي ضد الشيخ اسامة زيني ـ دعوى 42824717 - 13-03-1445 هـ.pdf,حكم / صك,أ. المجلد الرئيسي للقضية,[مخرج آلي / Script Output - سماوي],[مخرج آلي يحتاج مراجعة بشرية - وردي]
1438-11-25,14381125,الشكوى ومرفقاتها,شكوى,ط. الشكوى الأولى لوزير العدل رقم 230747621 ـ 30-04-1445 (4 ملفات),[مخرج آلي / Script Output - سماوي],[مخرج آلي يحتاج مراجعة بشرية - وردي]
1438-11-25,14381125,شكوى أسامة أحمد زيني ـ دعوى رقم 42824717 ـ 30-04-1445 ـ حجم اقل.pdf,شكوى,ي. مرفقات خطاب شكوى وزير العدل الأولى والثانية (21 ملفاً),[مخرج آلي / Script Output - سماوي],[مخرج آلي يحتاج مراجعة بشرية - وردي]
1438-11-25,14381125,شكوى أسامة أحمد زيني ـ دعوى رقم 42824717.pdf,شكوى,ي. مرفقات خطاب شكوى وزير العدل الأولى والثانية (21 ملفاً),[مخرج آلي / Script Output - سماوي],[مخرج آلي يحتاج مراجعة بشرية - وردي]
1438-11-25,14381125,صك حكم نهائي ـ الاستئناف الثانية ـ نسخة,حكم / صك,ي. مرفقات خطاب شكوى وزير العدل الأولى والثانية (21 ملفاً),[مخرج آلي / Script Output - سماوي],[مخرج آلي يحتاج مراجعة بشرية - وردي]
1439/6/8,14390608,حكم الولاية على الشيخ أحمد زيني من القاضي الزايدي مصدق من الاستئناف - 26-07-1434.pdf,حكم / صك,أ. المجلد الرئيسي للقضية,[مخرج آلي / Script Output - سماوي],[مخرج آلي يحتاج مراجعة بشرية - وردي]
1439/06/16,14390616,حكم الولاية على الشيخ أحمد زيني من القاضي الزايدي مصدق من الاستئناف - 26-07-1434.pdf,حكم / صك,أ. المجلد الرئيسي للقضية,[مخرج آلي / Script Output - سماوي],[مخرج آلي يحتاج مراجعة بشرية - وردي]
1439/12/2,14391202,حكم الولاية على الشيخ أحمد زيني من القاضي الزايدي مصدق من الاستئناف - 26-07-1434.pdf,حكم / صك,أ. المجلد الرئيسي للقضية,[مخرج آلي / Script Output - سماوي],[مخرج آلي يحتاج مراجعة بشرية - وردي]
1439/12/3,14391203,مذكرة طلب النقض على الحكم النهائي,حكم / صك,ب. المذكرات المقدمة من الطرفين (49 ملفاً),[مخرج آلي / Script Output - سماوي],[مخرج آلي يحتاج مراجعة بشرية - وردي]
1439/12/3,14391203,الشكوى ومرفقاتها,شكوى,ط. الشكوى الأولى لوزير العدل رقم 230747621 ـ 30-04-1445 (4 ملفات),[مخرج آلي / Script Output - سماوي],[مخرج آلي يحتاج مراجعة بشرية - وردي]
1439/12/3,14391203,شكوى أسامة أحمد زيني ـ دعوى رقم 42824717.pdf,شكوى,ي. مرفقات خطاب شكوى وزير العدل الأولى والثانية (21 ملفاً),[مخرج آلي / Script Output - سماوي],[مخرج آلي يحتاج مراجعة بشرية - وردي]
1439/12/3,14391203,ملحق تنازل عدنان عن حصته ـ 10-02-1434 ـ نسخة,عقد / اتفاقية,ي. مرفقات خطاب شكوى وزير العدل الأولى والثانية (21 ملفاً),[مخرج آلي / Script Output - سماوي],[مخرج آلي يحتاج مراجعة بشرية - وردي]
1440/4/1,14400401,حكم نهائي بإبراء ذمة الشيخ من تنفيذ عاتقة ـ 13-04-1447,حكم / صك,ب. المذكرات المقدمة من الطرفين (49 ملفاً),[مخرج آلي / Script Output - سماوي],[مخرج آلي يحتاج مراجعة بشرية - وردي]
1440/05/23,14400523,صحيفة دعوى عدنان ضد اسامة زيني ـ بطلان بيع حصة شركة احمد زيني التجارية الى اسامة زيني ـ 42824717 ـ 17-12-1442.pdf,صحيفة دعوى,أ. المجلد الرئيسي للقضية,[مخرج آلي / Script Output - سماوي],[مخرج آلي يحتاج مراجعة بشرية - وردي]
1442-02-18,14420218,الشكوى ومرفقاتها,شكوى,ط. الشكوى الأولى لوزير العدل رقم 230747621 ـ 30-04-1445 (4 ملفات),[مخرج آلي / Script Output - سماوي],[مخرج آلي يحتاج مراجعة بشرية - وردي]
1442-02-18,14420218,شكوى أسامة أحمد زيني ـ دعوى رقم 42824717 ـ 30-04-1445 ـ حجم اقل.pdf,شكوى,ي. مرفقات خطاب شكوى وزير العدل الأولى والثانية (21 ملفاً),[مخرج آلي / Script Output - سماوي],[مخرج آلي يحتاج مراجعة بشرية - وردي]
1442-02-18,14420218,شكوى أسامة أحمد زيني ـ دعوى رقم 42824717.pdf,شكوى,ي. مرفقات خطاب شكوى وزير العدل الأولى والثانية (21 ملفاً),[مخرج آلي / Script Output - سماوي],[مخرج آلي يحتاج مراجعة بشرية - وردي]
1442/5/9,14420509,مذكرة طلب النقض على الحكم النهائي,حكم / صك,ب. المذكرات المقدمة من الطرفين (49 ملفاً),[مخرج آلي / Script Output - سماوي],[مخرج آلي يحتاج مراجعة بشرية - وردي]
1442/06/28,14420628,مذكرة طلب النقض على الحكم النهائي,حكم / صك,ب. المذكرات المقدمة من الطرفين (49 ملفاً),[مخرج آلي / Script Output - سماوي],[مخرج آلي يحتاج مراجعة بشرية - وردي]
1442/12/1,14421201,الشكوى ومرفقاتها,شكوى,ط. الشكوى الأولى لوزير العدل رقم 230747621 ـ 30-04-1445 (4 ملفات),[مخرج آلي / Script Output - سماوي],[مخرج آلي يحتاج مراجعة بشرية - وردي]
1442/12/1,14421201,شكوى أسامة أحمد زيني ـ دعوى رقم 42824717 ـ 30-04-1445 ـ حجم اقل.pdf,شكوى,ي. مرفقات خطاب شكوى وزير العدل الأولى والثانية (21 ملفاً),[مخرج آلي / Script Output - سماوي],[مخرج آلي يحتاج مراجعة بشرية - وردي]
1442/12/1,14421201,شكوى أسامة أحمد زيني ـ دعوى رقم 42824717.pdf,شكوى,ي. مرفقات خطاب شكوى وزير العدل الأولى والثانية (21 ملفاً),[مخرج آلي / Script Output - سماوي],[مخرج آلي يحتاج مراجعة بشرية - وردي]
1442/12/17,14421217,صحيفة دعوى عدنان ضد اسامة زيني ـ بطلان بيع حصة شركة احمد زيني التجارية الى اسامة زيني ـ 42824717 ـ 17-12-1442.pdf,صحيفة دعوى,أ. المجلد الرئيسي للقضية,[مخرج آلي / Script Output - سماوي],[مخرج آلي يحتاج مراجعة بشرية - وردي]
1442/12/26,14421226,صحيفة دعوى عدنان ضد اسامة زيني ـ بطلان بيع حصة شركة احمد زيني التجارية الى اسامة زيني ـ 42824717 ـ 17-12-1442.pdf,صحيفة دعوى,أ. المجلد الرئيسي للقضية,[مخرج آلي / Script Output - سماوي],[مخرج آلي يحتاج مراجعة بشرية - وردي]
1443/01/03,14430103,جدول مواعيد تبادل المذكرات والمستندات في الدعوى رقم (4717) لعام 1442هـ أمام الدائرة التجارية الأولى في الدعوى المقامة من عدنان زيني ضد عاتقة وآخرون. ـ —,مذكرة قضائية,أ. المجلد الرئيسي للقضية,[مخرج آلي / Script Output - سماوي],[مخرج آلي يحتاج مراجعة بشرية - وردي]
1443/01/04,14430104,جدول مواعيد تبادل المذكرات والمستندات في الدعوى رقم (4717) لعام 1442هـ أمام الدائرة التجارية الأولى في الدعوى المقامة من عدنان زيني ضد عاتقة وآخرون. ـ —,مذكرة قضائية,أ. المجلد الرئيسي للقضية,[مخرج آلي / Script Output - سماوي],[مخرج آلي يحتاج مراجعة بشرية - وردي]
1443/01/08,14430108,جدول مواعيد تبادل المذكرات والمستندات في الدعوى رقم (4717) لعام 1442هـ أمام الدائرة التجارية الأولى في الدعوى المقامة من عدنان زيني ضد عاتقة وآخرون. ـ —,مذكرة قضائية,أ. المجلد الرئيسي للقضية,[مخرج آلي / Script Output - سماوي],[مخرج آلي يحتاج مراجعة بشرية - وردي]
1443/01/09,14430109,جدول مواعيد تبادل المذكرات والمستندات في الدعوى رقم (4717) لعام 1442هـ أمام الدائرة التجارية الأولى في الدعوى المقامة من عدنان زيني ضد عاتقة وآخرون. ـ —,مذكرة قضائية,أ. المجلد الرئيسي للقضية,[مخرج آلي / Script Output - سماوي],[مخرج آلي يحتاج مراجعة بشرية - وردي]
1443/01/14,14430114,جدول مواعيد تبادل المذكرات والمستندات في الدعوى رقم (4717) لعام 1442هـ أمام الدائرة التجارية الأولى في الدعوى المقامة من عدنان زيني ضد عاتقة وآخرون. ـ —,مذكرة قضائية,أ. المجلد الرئيسي للقضية,[مخرج آلي / Script Output - سماوي],[مخرج آلي يحتاج مراجعة بشرية - وردي]
1443/01/27,14430127,محضر رفع التصرف على صك أرض التنس بموجب طلب الإفلاس من عدنان رقم (405034600788314) وتاريخ 23/03/1446هـ. ـ 23/03/1446هـ,حكم / صك,أ. المجلد الرئيسي للقضية,[مخرج آلي / Script Output - سماوي],[مخرج آلي يحتاج مراجعة بشرية - وردي]
1444-12-02,14441202,الشكوى ومرفقاتها,شكوى,ط. الشكوى الأولى لوزير العدل رقم 230747621 ـ 30-04-1445 (4 ملفات),[مخرج آلي / Script Output - سماوي],[مخرج آلي يحتاج مراجعة بشرية - وردي]
1444-12-02,14441202,شكوى أسامة أحمد زيني ـ دعوى رقم 42824717 ـ 30-04-1445 ـ حجم اقل.pdf,شكوى,ي. مرفقات خطاب شكوى وزير العدل الأولى والثانية (21 ملفاً),[مخرج آلي / Script Output - سماوي],[مخرج آلي يحتاج مراجعة بشرية - وردي]
1444-12-02,14441202,شكوى أسامة أحمد زيني ـ دعوى رقم 42824717.pdf,شكوى,ي. مرفقات خطاب شكوى وزير العدل الأولى والثانية (21 ملفاً),[مخرج آلي / Script Output - سماوي],[مخرج آلي يحتاج مراجعة بشرية - وردي]
1445-01-01,14450101,الشكوى ومرفقاتها,شكوى,ط. الشكوى الأولى لوزير العدل رقم 230747621 ـ 30-04-1445 (4 ملفات),[مخرج آلي / Script Output - سماوي],[مخرج آلي يحتاج مراجعة بشرية - وردي]
1445-01-01,14450101,شكوى أسامة أحمد زيني ـ دعوى رقم 42824717 ـ 30-04-1445 ـ حجم اقل.pdf,شكوى,ي. مرفقات خطاب شكوى وزير العدل الأولى والثانية (21 ملفاً),[مخرج آلي / Script Output - سماوي],[مخرج آلي يحتاج مراجعة بشرية - وردي]
1445-01-01,14450101,شكوى أسامة أحمد زيني ـ دعوى رقم 42824717.pdf,شكوى,ي. مرفقات خطاب شكوى وزير العدل الأولى والثانية (21 ملفاً),[مخرج آلي / Script Output - سماوي],[مخرج آلي يحتاج مراجعة بشرية - وردي]
1445-01-01,14450101,شكوى اسامة زيني لوزير العدل 13-11-1445 ـ 21-05-2024.pdf,شكوى,ي. مرفقات خطاب شكوى وزير العدل الأولى والثانية (21 ملفاً),[مخرج آلي / Script Output - سماوي],[مخرج آلي يحتاج مراجعة بشرية - وردي]
1445-01-01,14450101,ملف مؤقت tmp,حكم / صك,ي. مرفقات خطاب شكوى وزير العدل الأولى والثانية (21 ملفاً),[مخرج آلي / Script Output - سماوي],[مخرج آلي يحتاج مراجعة بشرية - وردي]
1445-01-01,14450101,شكوى اسامة زيني الى وزير العدل ـ 13-011-1445 ـ 21-05-2024 ـ ومرفقاتها.pdf,شكوى,ك. إعادة فتح الشكوى الثانية 199058 ـ 13-11-1445 (7 ملفات),[مخرج آلي / Script Output - سماوي],[مخرج آلي يحتاج مراجعة بشرية - وردي]
1445-01-01,14450101,شكوى لوزير العدل 13-11-1445,شكوى,ك. إعادة فتح الشكوى الثانية 199058 ـ 13-11-1445 (7 ملفات),[مخرج آلي / Script Output - سماوي],[مخرج آلي يحتاج مراجعة بشرية - وردي]
1445-01-01,14450101,شكوى اسامة زيني الى وزير العدل ـ 26-04-1446 ـ 29-10-2024 ـ ومرفقاتها.pdf,شكوى,ل. الشكوى الثالثة لوزير العدل ـ 26-04-1446 (7 ملفات),[مخرج آلي / Script Output - سماوي],[مخرج آلي يحتاج مراجعة بشرية - وردي]
1445/01/01,14450101,صفحة 2 من تقديم الشكوى,شكوى,ل. الشكوى الثالثة لوزير العدل ـ 26-04-1446 (7 ملفات),[مخرج آلي / Script Output - سماوي],[مخرج آلي يحتاج مراجعة بشرية - وردي]
1445/01/01,14450101,صفحة 3 من تقديم الشكوى,شكوى,ل. الشكوى الثالثة لوزير العدل ـ 26-04-1446 (7 ملفات),[مخرج آلي / Script Output - سماوي],[مخرج آلي يحتاج مراجعة بشرية - وردي]
1445/01/01,14450101,صورة تقديم الشكوى ـ 243138211,شكوى,ل. الشكوى الثالثة لوزير العدل ـ 26-04-1446 (7 ملفات),[مخرج آلي / Script Output - سماوي],[مخرج آلي يحتاج مراجعة بشرية - وردي]
1445/01/01,14450101,تعذر التقديم الإلكتروني بمجلس القضاء ـ 29-10-2024,شكوى,ل. الشكوى الثالثة لوزير العدل ـ 26-04-1446 (7 ملفات),[مخرج آلي / Script Output - سماوي],[مخرج آلي يحتاج مراجعة بشرية - وردي]
1445-01-01,14450101,الشكوى الرابعة,شكوى,م. الشكوى الرابعة لوزير العدل ـ 09-06-1446 (ملفان),[مخرج آلي / Script Output - سماوي],[مخرج آلي يحتاج مراجعة بشرية - وردي]
1445-01-01,14450101,مرفقات الشكوى,شكوى,ن. شكوى أسامة زيني إلى ولي العهد ـ 17-11-1445 (9 ملفات),[مخرج آلي / Script Output - سماوي],[مخرج آلي يحتاج مراجعة بشرية - وردي]
1445/01/05,14450105,موجز عن شكوى الشيخ اسامة زيني رقم 230747621 في 30-04-1445هـ الى المجلس الأعلى للقضاء ـ في القضية 42824717.pdf,شكوى,ط. الشكوى الأولى لوزير العدل رقم 230747621 ـ 30-04-1445 (4 ملفات),[مخرج آلي / Script Output - سماوي],[مخرج آلي يحتاج مراجعة بشرية - وردي]
1445/01/05,14450105,موجز إعادة فتح الشكوى,شكوى,ك. إعادة فتح الشكوى الثانية 199058 ـ 13-11-1445 (7 ملفات),[مخرج آلي / Script Output - سماوي],[مخرج آلي يحتاج مراجعة بشرية - وردي]
1445/01/05,14450105,صورة تقديم الشكوى ـ 243138211,شكوى,ل. الشكوى الثالثة لوزير العدل ـ 26-04-1446 (7 ملفات),[مخرج آلي / Script Output - سماوي],[مخرج آلي يحتاج مراجعة بشرية - وردي]
1445-02-12,14450212,الشكوى ومرفقاتها,شكوى,ط. الشكوى الأولى لوزير العدل رقم 230747621 ـ 30-04-1445 (4 ملفات),[مخرج آلي / Script Output - سماوي],[مخرج آلي يحتاج مراجعة بشرية - وردي]
1445-02-12,14450212,شكوى أسامة أحمد زيني ـ دعوى رقم 42824717 ـ 30-04-1445 ـ حجم اقل.pdf,شكوى,ي. مرفقات خطاب شكوى وزير العدل الأولى والثانية (21 ملفاً),[مخرج آلي / Script Output - سماوي],[مخرج آلي يحتاج مراجعة بشرية - وردي]
1445-02-12,14450212,شكوى أسامة أحمد زيني ـ دعوى رقم 42824717.pdf,شكوى,ي. مرفقات خطاب شكوى وزير العدل الأولى والثانية (21 ملفاً),[مخرج آلي / Script Output - سماوي],[مخرج آلي يحتاج مراجعة بشرية - وردي]
1445-02-12,14450212,شكوى اسامة زيني لوزير العدل 13-11-1445 ـ 21-05-2024.pdf,شكوى,ي. مرفقات خطاب شكوى وزير العدل الأولى والثانية (21 ملفاً),[مخرج آلي / Script Output - سماوي],[مخرج آلي يحتاج مراجعة بشرية - وردي]
1445-02-12,14450212,ملف مؤقت tmp,حكم / صك,ي. مرفقات خطاب شكوى وزير العدل الأولى والثانية (21 ملفاً),[مخرج آلي / Script Output - سماوي],[مخرج آلي يحتاج مراجعة بشرية - وردي]
1445-02-12,14450212,شكوى اسامة زيني الى وزير العدل ـ 13-011-1445 ـ 21-05-2024 ـ ومرفقاتها.pdf,شكوى,ك. إعادة فتح الشكوى الثانية 199058 ـ 13-11-1445 (7 ملفات),[مخرج آلي / Script Output - سماوي],[مخرج آلي يحتاج مراجعة بشرية - وردي]
1445-02-12,14450212,شكوى لوزير العدل 13-11-1445,شكوى,ك. إعادة فتح الشكوى الثانية 199058 ـ 13-11-1445 (7 ملفات),[مخرج آلي / Script Output - سماوي],[مخرج آلي يحتاج مراجعة بشرية - وردي]
1445-02-12,14450212,شكوى اسامة زيني الى وزير العدل ـ 26-04-1446 ـ 29-10-2024 ـ ومرفقاتها.pdf,شكوى,ل. الشكوى الثالثة لوزير العدل ـ 26-04-1446 (7 ملفات),[مخرج آلي / Script Output - سماوي],[مخرج آلي يحتاج مراجعة بشرية - وردي]
1445-02-12,14450212,الشكوى الرابعة,شكوى,م. الشكوى الرابعة لوزير العدل ـ 09-06-1446 (ملفان),[مخرج آلي / Script Output - سماوي],[مخرج آلي يحتاج مراجعة بشرية - وردي]
1445-02-12,14450212,مرفقات الشكوى,شكوى,ن. شكوى أسامة زيني إلى ولي العهد ـ 17-11-1445 (9 ملفات),[مخرج آلي / Script Output - سماوي],[مخرج آلي يحتاج مراجعة بشرية - وردي]
1445-02-20,14450220,صك حكم نهائي ضد الشيخ اسامة زيني ـ دعوى 42824717 - 13-03-1445 هـ.pdf,حكم / صك,أ. المجلد الرئيسي للقضية,[مخرج آلي / Script Output - سماوي],[مخرج آلي يحتاج مراجعة بشرية - وردي]
1445-02-20,14450220,الشكوى ومرفقاتها,شكوى,ط. الشكوى الأولى لوزير العدل رقم 230747621 ـ 30-04-1445 (4 ملفات),[مخرج آلي / Script Output - سماوي],[مخرج آلي يحتاج مراجعة بشرية - وردي]
1445-02-20,14450220,شكوى أسامة أحمد زيني ـ دعوى رقم 42824717 ـ 30-04-1445 ـ حجم اقل.pdf,شكوى,ي. مرفقات خطاب شكوى وزير العدل الأولى والثانية (21 ملفاً),[مخرج آلي / Script Output - سماوي],[مخرج آلي يحتاج مراجعة بشرية - وردي]
1445-02-20,14450220,شكوى أسامة أحمد زيني ـ دعوى رقم 42824717.pdf,شكوى,ي. مرفقات خطاب شكوى وزير العدل الأولى والثانية (21 ملفاً),[مخرج آلي / Script Output - سماوي],[مخرج آلي يحتاج مراجعة بشرية - وردي]
1445-02-20,14450220,شكوى اسامة زيني لوزير العدل 13-11-1445 ـ 21-05-2024.pdf,شكوى,ي. مرفقات خطاب شكوى وزير العدل الأولى والثانية (21 ملفاً),[مخرج آلي / Script Output - سماوي],[مخرج آلي يحتاج مراجعة بشرية - وردي]
1445-02-20,14450220,صك حكم نهائي ـ الاستئناف الثانية ـ نسخة,حكم / صك,ي. مرفقات خطاب شكوى وزير العدل الأولى والثانية (21 ملفاً),[مخرج آلي / Script Output - سماوي],[مخرج آلي يحتاج مراجعة بشرية - وردي]
1445-02-20,14450220,ملف مؤقت tmp,حكم / صك,ي. مرفقات خطاب شكوى وزير العدل الأولى والثانية (21 ملفاً),[مخرج آلي / Script Output - سماوي],[مخرج آلي يحتاج مراجعة بشرية - وردي]
1445-02-20,14450220,شكوى اسامة زيني الى وزير العدل ـ 13-011-1445 ـ 21-05-2024 ـ ومرفقاتها.pdf,شكوى,ك. إعادة فتح الشكوى الثانية 199058 ـ 13-11-1445 (7 ملفات),[مخرج آلي / Script Output - سماوي],[مخرج آلي يحتاج مراجعة بشرية - وردي]
1445-02-20,14450220,شكوى لوزير العدل 13-11-1445,شكوى,ك. إعادة فتح الشكوى الثانية 199058 ـ 13-11-1445 (7 ملفات),[مخرج آلي / Script Output - سماوي],[مخرج آلي يحتاج مراجعة بشرية - وردي]
1445-02-20,14450220,شكوى اسامة زيني الى وزير العدل ـ 26-04-1446 ـ 29-10-2024 ـ ومرفقاتها.pdf,شكوى,ل. الشكوى الثالثة لوزير العدل ـ 26-04-1446 (7 ملفات),[مخرج آلي / Script Output - سماوي],[مخرج آلي يحتاج مراجعة بشرية - وردي]
1445-02-20,14450220,الشكوى الرابعة,شكوى,م. الشكوى الرابعة لوزير العدل ـ 09-06-1446 (ملفان),[مخرج آلي / Script Output - سماوي],[مخرج آلي يحتاج مراجعة بشرية - وردي]
1445-02-20,14450220,مرفقات الشكوى,شكوى,ن. شكوى أسامة زيني إلى ولي العهد ـ 17-11-1445 (9 ملفات),[مخرج آلي / Script Output - سماوي],[مخرج آلي يحتاج مراجعة بشرية - وردي]
1445-02-24,14450224,الشكوى ومرفقاتها,شكوى,ط. الشكوى الأولى لوزير العدل رقم 230747621 ـ 30-04-1445 (4 ملفات),[مخرج آلي / Script Output - سماوي],[مخرج آلي يحتاج مراجعة بشرية - وردي]
1445-02-24,14450224,شكوى أسامة أحمد زيني ـ دعوى رقم 42824717 ـ 30-04-1445 ـ حجم اقل.pdf,شكوى,ي. مرفقات خطاب شكوى وزير العدل الأولى والثانية (21 ملفاً),[مخرج آلي / Script Output - سماوي],[مخرج آلي يحتاج مراجعة بشرية - وردي]
1445-02-24,14450224,شكوى أسامة أحمد زيني ـ دعوى رقم 42824717.pdf,شكوى,ي. مرفقات خطاب شكوى وزير العدل الأولى والثانية (21 ملفاً),[مخرج آلي / Script Output - سماوي],[مخرج آلي يحتاج مراجعة بشرية - وردي]
1445-02-24,14450224,مرفقات الشكوى,شكوى,ن. شكوى أسامة زيني إلى ولي العهد ـ 17-11-1445 (9 ملفات),[مخرج آلي / Script Output - سماوي],[مخرج آلي يحتاج مراجعة بشرية - وردي]
1445/ 02/ 25,14450225,الشكوى ومرفقاتها,شكوى,ط. الشكوى الأولى لوزير العدل رقم 230747621 ـ 30-04-1445 (4 ملفات),[مخرج آلي / Script Output - سماوي],[مخرج آلي يحتاج مراجعة بشرية - وردي]
1445/ 02/ 25,14450225,شكوى أسامة أحمد زيني ـ دعوى رقم 42824717 ـ 30-04-1445 ـ حجم اقل.pdf,شكوى,ي. مرفقات خطاب شكوى وزير العدل الأولى والثانية (21 ملفاً),[مخرج آلي / Script Output - سماوي],[مخرج آلي يحتاج مراجعة بشرية - وردي]
1445/ 02/ 25,14450225,شكوى أسامة أحمد زيني ـ دعوى رقم 42824717.pdf,شكوى,ي. مرفقات خطاب شكوى وزير العدل الأولى والثانية (21 ملفاً),[مخرج آلي / Script Output - سماوي],[مخرج آلي يحتاج مراجعة بشرية - وردي]
1445/ 02/ 25,14450225,شكوى اسامة زيني لوزير العدل 13-11-1445 ـ 21-05-2024.pdf,شكوى,ي. مرفقات خطاب شكوى وزير العدل الأولى والثانية (21 ملفاً),[مخرج آلي / Script Output - سماوي],[مخرج آلي يحتاج مراجعة بشرية - وردي]
1445/ 02/ 25,14450225,ملف مؤقت tmp,حكم / صك,ي. مرفقات خطاب شكوى وزير العدل الأولى والثانية (21 ملفاً),[مخرج آلي / Script Output - سماوي],[مخرج آلي يحتاج مراجعة بشرية - وردي]
1445/ 02/ 25,14450225,شكوى اسامة زيني الى وزير العدل ـ 13-011-1445 ـ 21-05-2024 ـ ومرفقاتها.pdf,شكوى,ك. إعادة فتح الشكوى الثانية 199058 ـ 13-11-1445 (7 ملفات),[مخرج آلي / Script Output - سماوي],[مخرج آلي يحتاج مراجعة بشرية - وردي]
1445/ 02/ 25,14450225,شكوى لوزير العدل 13-11-1445,شكوى,ك. إعادة فتح الشكوى الثانية 199058 ـ 13-11-1445 (7 ملفات),[مخرج آلي / Script Output - سماوي],[مخرج آلي يحتاج مراجعة بشرية - وردي]
1445/ 02/ 25,14450225,شكوى اسامة زيني الى وزير العدل ـ 26-04-1446 ـ 29-10-2024 ـ ومرفقاتها.pdf,شكوى,ل. الشكوى الثالثة لوزير العدل ـ 26-04-1446 (7 ملفات),[مخرج آلي / Script Output - سماوي],[مخرج آلي يحتاج مراجعة بشرية - وردي]
1445/ 02/ 25,14450225,الشكوى الرابعة,شكوى,م. الشكوى الرابعة لوزير العدل ـ 09-06-1446 (ملفان),[مخرج آلي / Script Output - سماوي],[مخرج آلي يحتاج مراجعة بشرية - وردي]
1445/ 02/ 25,14450225,مرفقات الشكوى,شكوى,ن. شكوى أسامة زيني إلى ولي العهد ـ 17-11-1445 (9 ملفات),[مخرج آلي / Script Output - سماوي],[مخرج آلي يحتاج مراجعة بشرية - وردي]
1445-02-29,14450229,صك حكم نهائي ضد الشيخ اسامة زيني ـ دعوى 42824717 - 13-03-1445 هـ.pdf,حكم / صك,أ. المجلد الرئيسي للقضية,[مخرج آلي / Script Output - سماوي],[مخرج آلي يحتاج مراجعة بشرية - وردي]
1445/ 02/ 29,14450229,الشكوى ومرفقاتها,شكوى,ط. الشكوى الأولى لوزير العدل رقم 230747621 ـ 30-04-1445 (4 ملفات),[مخرج آلي / Script Output - سماوي],[مخرج آلي يحتاج مراجعة بشرية - وردي]
1445-02-29,14450229,الشكوى ومرفقاتها,شكوى,ط. الشكوى الأولى لوزير العدل رقم 230747621 ـ 30-04-1445 (4 ملفات),[مخرج آلي / Script Output - سماوي],[مخرج آلي يحتاج مراجعة بشرية - وردي]
1445/ 02/ 29,14450229,شكوى أسامة أحمد زيني ـ دعوى رقم 42824717 ـ 30-04-1445 ـ حجم اقل.pdf,شكوى,ي. مرفقات خطاب شكوى وزير العدل الأولى والثانية (21 ملفاً),[مخرج آلي / Script Output - سماوي],[مخرج آلي يحتاج مراجعة بشرية - وردي]
1445-02-29,14450229,شكوى أسامة أحمد زيني ـ دعوى رقم 42824717 ـ 30-04-1445 ـ حجم اقل.pdf,شكوى,ي. مرفقات خطاب شكوى وزير العدل الأولى والثانية (21 ملفاً),[مخرج آلي / Script Output - سماوي],[مخرج آلي يحتاج مراجعة بشرية - وردي]
1445/ 02/ 29,14450229,شكوى أسامة أحمد زيني ـ دعوى رقم 42824717.pdf,شكوى,ي. مرفقات خطاب شكوى وزير العدل الأولى والثانية (21 ملفاً),[مخرج آلي / Script Output - سماوي],[مخرج آلي يحتاج مراجعة بشرية - وردي]
1445-02-29,14450229,شكوى أسامة أحمد زيني ـ دعوى رقم 42824717.pdf,شكوى,ي. مرفقات خطاب شكوى وزير العدل الأولى والثانية (21 ملفاً),[مخرج آلي / Script Output - سماوي],[مخرج آلي يحتاج مراجعة بشرية - وردي]
1445-02-29,14450229,صك حكم نهائي ـ الاستئناف الثانية ـ نسخة,حكم / صك,ي. مرفقات خطاب شكوى وزير العدل الأولى والثانية (21 ملفاً),[مخرج آلي / Script Output - سماوي],[مخرج آلي يحتاج مراجعة بشرية - وردي]
1445/ 02/ 29,14450229,مرفقات الشكوى,شكوى,ن. شكوى أسامة زيني إلى ولي العهد ـ 17-11-1445 (9 ملفات),[مخرج آلي / Script Output - سماوي],[مخرج آلي يحتاج مراجعة بشرية - وردي]
1445-03-04,14450304,صك حكم نهائي ضد الشيخ اسامة زيني ـ دعوى 42824717 - 13-03-1445 هـ.pdf,حكم / صك,أ. المجلد الرئيسي للقضية,[مخرج آلي / Script Output - سماوي],[مخرج آلي يحتاج مراجعة بشرية - وردي]
1445 / 03 / 04,14450304,مذكرة توضيحية من المدعي ـ 06-03-1445,مذكرة قضائية,ب. المذكرات المقدمة من الطرفين (49 ملفاً),[مخرج آلي / Script Output - سماوي],[مخرج آلي يحتاج مراجعة بشرية - وردي]
1445-03-04,14450304,الشكوى ومرفقاتها,شكوى,ط. الشكوى الأولى لوزير العدل رقم 230747621 ـ 30-04-1445 (4 ملفات),[مخرج آلي / Script Output - سماوي],[مخرج آلي يحتاج مراجعة بشرية - وردي]
1445/03/04,14450304,الشكوى ومرفقاتها,شكوى,ط. الشكوى الأولى لوزير العدل رقم 230747621 ـ 30-04-1445 (4 ملفات),[مخرج آلي / Script Output - سماوي],[مخرج آلي يحتاج مراجعة بشرية - وردي]
1445-03-04,14450304,شكوى أسامة أحمد زيني ـ دعوى رقم 42824717 ـ 30-04-1445 ـ حجم اقل.pdf,شكوى,ي. مرفقات خطاب شكوى وزير العدل الأولى والثانية (21 ملفاً),[مخرج آلي / Script Output - سماوي],[مخرج آلي يحتاج مراجعة بشرية - وردي]
1445/03/04,14450304,شكوى أسامة أحمد زيني ـ دعوى رقم 42824717 ـ 30-04-1445 ـ حجم اقل.pdf,شكوى,ي. مرفقات خطاب شكوى وزير العدل الأولى والثانية (21 ملفاً),[مخرج آلي / Script Output - سماوي],[مخرج آلي يحتاج مراجعة بشرية - وردي]
1445-03-04,14450304,شكوى أسامة أحمد زيني ـ دعوى رقم 42824717.pdf,شكوى,ي. مرفقات خطاب شكوى وزير العدل الأولى والثانية (21 ملفاً),[مخرج آلي / Script Output - سماوي],[مخرج آلي يحتاج مراجعة بشرية - وردي]
1445/03/04,14450304,شكوى أسامة أحمد زيني ـ دعوى رقم 42824717.pdf,شكوى,ي. مرفقات خطاب شكوى وزير العدل الأولى والثانية (21 ملفاً),[مخرج آلي / Script Output - سماوي],[مخرج آلي يحتاج مراجعة بشرية - وردي]
1445-03-04,14450304,شكوى اسامة زيني لوزير العدل 13-11-1445 ـ 21-05-2024.pdf,شكوى,ي. مرفقات خطاب شكوى وزير العدل الأولى والثانية (21 ملفاً),[مخرج آلي / Script Output - سماوي],[مخرج آلي يحتاج مراجعة بشرية - وردي]
1445-03-04,14450304,صك حكم نهائي ـ الاستئناف الثانية ـ نسخة,حكم / صك,ي. مرفقات خطاب شكوى وزير العدل الأولى والثانية (21 ملفاً),[مخرج آلي / Script Output - سماوي],[مخرج آلي يحتاج مراجعة بشرية - وردي]
1445-03-04,14450304,ملف مؤقت tmp,حكم / صك,ي. مرفقات خطاب شكوى وزير العدل الأولى والثانية (21 ملفاً),[مخرج آلي / Script Output - سماوي],[مخرج آلي يحتاج مراجعة بشرية - وردي]
1445-03-04,14450304,شكوى اسامة زيني الى وزير العدل ـ 13-011-1445 ـ 21-05-2024 ـ ومرفقاتها.pdf,شكوى,ك. إعادة فتح الشكوى الثانية 199058 ـ 13-11-1445 (7 ملفات),[مخرج آلي / Script Output - سماوي],[مخرج آلي يحتاج مراجعة بشرية - وردي]
1445-03-04,14450304,شكوى لوزير العدل 13-11-1445,شكوى,ك. إعادة فتح الشكوى الثانية 199058 ـ 13-11-1445 (7 ملفات),[مخرج آلي / Script Output - سماوي],[مخرج آلي يحتاج مراجعة بشرية - وردي]
1445-03-04,14450304,شكوى اسامة زيني الى وزير العدل ـ 26-04-1446 ـ 29-10-2024 ـ ومرفقاتها.pdf,شكوى,ل. الشكوى الثالثة لوزير العدل ـ 26-04-1446 (7 ملفات),[مخرج آلي / Script Output - سماوي],[مخرج آلي يحتاج مراجعة بشرية - وردي]
1445-03-04,14450304,الشكوى الرابعة,شكوى,م. الشكوى الرابعة لوزير العدل ـ 09-06-1446 (ملفان),[مخرج آلي / Script Output - سماوي],[مخرج آلي يحتاج مراجعة بشرية - وردي]
1445-03-04,14450304,مرفقات الشكوى,شكوى,ن. شكوى أسامة زيني إلى ولي العهد ـ 17-11-1445 (9 ملفات),[مخرج آلي / Script Output - سماوي],[مخرج آلي يحتاج مراجعة بشرية - وردي]
1445/03/04,14450304,مرفقات الشكوى,شكوى,ن. شكوى أسامة زيني إلى ولي العهد ـ 17-11-1445 (9 ملفات),[مخرج آلي / Script Output - سماوي],[مخرج آلي يحتاج مراجعة بشرية - وردي]
1445/ 03/ 10,14450310,الشكوى ومرفقاتها,شكوى,ط. الشكوى الأولى لوزير العدل رقم 230747621 ـ 30-04-1445 (4 ملفات),[مخرج آلي / Script Output - سماوي],[مخرج آلي يحتاج مراجعة بشرية - وردي]
1445/ 03/ 10,14450310,شكوى أسامة أحمد زيني ـ دعوى رقم 42824717 ـ 30-04-1445 ـ حجم اقل.pdf,شكوى,ي. مرفقات خطاب شكوى وزير العدل الأولى والثانية (21 ملفاً),[مخرج آلي / Script Output - سماوي],[مخرج آلي يحتاج مراجعة بشرية - وردي]
1445/ 03/ 10,14450310,شكوى أسامة أحمد زيني ـ دعوى رقم 42824717.pdf,شكوى,ي. مرفقات خطاب شكوى وزير العدل الأولى والثانية (21 ملفاً),[مخرج آلي / Script Output - سماوي],[مخرج آلي يحتاج مراجعة بشرية - وردي]
1445/ 03/ 10,14450310,مرفقات الشكوى,شكوى,ن. شكوى أسامة زيني إلى ولي العهد ـ 17-11-1445 (9 ملفات),[مخرج آلي / Script Output - سماوي],[مخرج آلي يحتاج مراجعة بشرية - وردي]
1445-03-11,14450311,الشكوى ومرفقاتها,شكوى,ط. الشكوى الأولى لوزير العدل رقم 230747621 ـ 30-04-1445 (4 ملفات),[مخرج آلي / Script Output - سماوي],[مخرج آلي يحتاج مراجعة بشرية - وردي]
1445-03-11,14450311,شكوى أسامة أحمد زيني ـ دعوى رقم 42824717 ـ 30-04-1445 ـ حجم اقل.pdf,شكوى,ي. مرفقات خطاب شكوى وزير العدل الأولى والثانية (21 ملفاً),[مخرج آلي / Script Output - سماوي],[مخرج آلي يحتاج مراجعة بشرية - وردي]
1445-03-11,14450311,شكوى أسامة أحمد زيني ـ دعوى رقم 42824717.pdf,شكوى,ي. مرفقات خطاب شكوى وزير العدل الأولى والثانية (21 ملفاً),[مخرج آلي / Script Output - سماوي],[مخرج آلي يحتاج مراجعة بشرية - وردي]
1445-03-11,14450311,مرفقات الشكوى,شكوى,ن. شكوى أسامة زيني إلى ولي العهد ـ 17-11-1445 (9 ملفات),[مخرج آلي / Script Output - سماوي],[مخرج آلي يحتاج مراجعة بشرية - وردي]
1445-3-13,14450313,أمر تنفيذ عدنان زيني ضد الشيخ أسامة ـ 401024501215577 ـ 16-03-1445,إخطار مطالبة,أ. المجلد الرئيسي للقضية (39 ملفاً),[مخرج آلي / Script Output - سماوي],[مخرج آلي يحتاج مراجعة بشرية - وردي]
1445/03/13,14450313,مذكرة جوابية على المدعي ـ 02-09-1447 (نسخة),مذكرة قضائية,ب. المذكرات المقدمة من الطرفين (49 ملفاً),[مخرج آلي / Script Output - سماوي],[مخرج آلي يحتاج مراجعة بشرية - وردي]
1445 / 03 / 13,14450313,مذكرة جوابية من المدعي ـ 28-08-1447,مذكرة قضائية,ب. المذكرات المقدمة من الطرفين (49 ملفاً),[مخرج آلي / Script Output - سماوي],[مخرج آلي يحتاج مراجعة بشرية - وردي]
1445/03/13,14450313,مذكرة طلب النقض على الحكم النهائي,حكم / صك,ب. المذكرات المقدمة من الطرفين (49 ملفاً),[مخرج آلي / Script Output - سماوي],[مخرج آلي يحتاج مراجعة بشرية - وردي]
1445/03/13,14450313,الشكوى ومرفقاتها,شكوى,ط. الشكوى الأولى لوزير العدل رقم 230747621 ـ 30-04-1445 (4 ملفات),[مخرج آلي / Script Output - سماوي],[مخرج آلي يحتاج مراجعة بشرية - وردي]
1445-3-13,14450313,الشكوى ومرفقاتها,شكوى,ط. الشكوى الأولى لوزير العدل رقم 230747621 ـ 30-04-1445 (4 ملفات),[مخرج آلي / Script Output - سماوي],[مخرج آلي يحتاج مراجعة بشرية - وردي]
1445-3-13,14450313,أمر تنفيذ عدنان ـ نسخة,إخطار مطالبة,ي. مرفقات خطاب شكوى وزير العدل الأولى والثانية (21 ملفاً),[مخرج آلي / Script Output - سماوي],[مخرج آلي يحتاج مراجعة بشرية - وردي]
1445/03/13,14450313,شكوى أسامة أحمد زيني ـ دعوى رقم 42824717 ـ 30-04-1445 ـ حجم اقل.pdf,شكوى,ي. مرفقات خطاب شكوى وزير العدل الأولى والثانية (21 ملفاً),[مخرج آلي / Script Output - سماوي],[مخرج آلي يحتاج مراجعة بشرية - وردي]
1445-3-13,14450313,شكوى أسامة أحمد زيني ـ دعوى رقم 42824717 ـ 30-04-1445 ـ حجم اقل.pdf,شكوى,ي. مرفقات خطاب شكوى وزير العدل الأولى والثانية (21 ملفاً),[مخرج آلي / Script Output - سماوي],[مخرج آلي يحتاج مراجعة بشرية - وردي]
1445/03/13,14450313,شكوى أسامة أحمد زيني ـ دعوى رقم 42824717.pdf,شكوى,ي. مرفقات خطاب شكوى وزير العدل الأولى والثانية (21 ملفاً),[مخرج آلي / Script Output - سماوي],[مخرج آلي يحتاج مراجعة بشرية - وردي]
1445-3-13,14450313,شكوى أسامة أحمد زيني ـ دعوى رقم 42824717.pdf,شكوى,ي. مرفقات خطاب شكوى وزير العدل الأولى والثانية (21 ملفاً),[مخرج آلي / Script Output - سماوي],[مخرج آلي يحتاج مراجعة بشرية - وردي]
1445-3-13,14450313,شكوى اسامة زيني لوزير العدل 13-11-1445 ـ 21-05-2024.pdf,شكوى,ي. مرفقات خطاب شكوى وزير العدل الأولى والثانية (21 ملفاً),[مخرج آلي / Script Output - سماوي],[مخرج آلي يحتاج مراجعة بشرية - وردي]
1445/03/13,14450313,شكوى اسامة زيني لوزير العدل 13-11-1445 ـ 21-05-2024.pdf,شكوى,ي. مرفقات خطاب شكوى وزير العدل الأولى والثانية (21 ملفاً),[مخرج آلي / Script Output - سماوي],[مخرج آلي يحتاج مراجعة بشرية - وردي]
1445-3-13,14450313,ملف مؤقت tmp,حكم / صك,ي. مرفقات خطاب شكوى وزير العدل الأولى والثانية (21 ملفاً),[مخرج آلي / Script Output - سماوي],[مخرج آلي يحتاج مراجعة بشرية - وردي]
1445/03/13,14450313,ملف مؤقت tmp,حكم / صك,ي. مرفقات خطاب شكوى وزير العدل الأولى والثانية (21 ملفاً),[مخرج آلي / Script Output - سماوي],[مخرج آلي يحتاج مراجعة بشرية - وردي]
1445-3-13,14450313,شكوى اسامة زيني الى وزير العدل ـ 13-011-1445 ـ 21-05-2024 ـ ومرفقاتها.pdf,شكوى,ك. إعادة فتح الشكوى الثانية 199058 ـ 13-11-1445 (7 ملفات),[مخرج آلي / Script Output - سماوي],[مخرج آلي يحتاج مراجعة بشرية - وردي]
1445/03/13,14450313,شكوى اسامة زيني الى وزير العدل ـ 13-011-1445 ـ 21-05-2024 ـ ومرفقاتها.pdf,شكوى,ك. إعادة فتح الشكوى الثانية 199058 ـ 13-11-1445 (7 ملفات),[مخرج آلي / Script Output - سماوي],[مخرج آلي يحتاج مراجعة بشرية - وردي]
1445-3-13,14450313,شكوى لوزير العدل 13-11-1445,شكوى,ك. إعادة فتح الشكوى الثانية 199058 ـ 13-11-1445 (7 ملفات),[مخرج آلي / Script Output - سماوي],[مخرج آلي يحتاج مراجعة بشرية - وردي]
1445/03/13,14450313,شكوى لوزير العدل 13-11-1445,شكوى,ك. إعادة فتح الشكوى الثانية 199058 ـ 13-11-1445 (7 ملفات),[مخرج آلي / Script Output - سماوي],[مخرج آلي يحتاج مراجعة بشرية - وردي]
1445 / 03 / 13,14450313,شكوى اسامة زيني الى وزير العدل ـ 26-04-1446 ـ 29-10-2024 ـ ومرفقاتها.pdf,شكوى,ل. الشكوى الثالثة لوزير العدل ـ 26-04-1446 (7 ملفات),[مخرج آلي / Script Output - سماوي],[مخرج آلي يحتاج مراجعة بشرية - وردي]
1445-3-13,14450313,شكوى اسامة زيني الى وزير العدل ـ 26-04-1446 ـ 29-10-2024 ـ ومرفقاتها.pdf,شكوى,ل. الشكوى الثالثة لوزير العدل ـ 26-04-1446 (7 ملفات),[مخرج آلي / Script Output - سماوي],[مخرج آلي يحتاج مراجعة بشرية - وردي]
1445/03/13,14450313,شكوى اسامة زيني الى وزير العدل ـ 26-04-1446 ـ 29-10-2024 ـ ومرفقاتها.pdf,شكوى,ل. الشكوى الثالثة لوزير العدل ـ 26-04-1446 (7 ملفات),[مخرج آلي / Script Output - سماوي],[مخرج آلي يحتاج مراجعة بشرية - وردي]
1445 / 03 / 13,14450313,الشكوى الرابعة,شكوى,م. الشكوى الرابعة لوزير العدل ـ 09-06-1446 (ملفان),[مخرج آلي / Script Output - سماوي],[مخرج آلي يحتاج مراجعة بشرية - وردي]
1445-3-13,14450313,الشكوى الرابعة,شكوى,م. الشكوى الرابعة لوزير العدل ـ 09-06-1446 (ملفان),[مخرج آلي / Script Output - سماوي],[مخرج آلي يحتاج مراجعة بشرية - وردي]
1445/03/13,14450313,الشكوى الرابعة,شكوى,م. الشكوى الرابعة لوزير العدل ـ 09-06-1446 (ملفان),[مخرج آلي / Script Output - سماوي],[مخرج آلي يحتاج مراجعة بشرية - وردي]
1445-3-13,14450313,مرفقات الشكوى,شكوى,ن. شكوى أسامة زيني إلى ولي العهد ـ 17-11-1445 (9 ملفات),[مخرج آلي / Script Output - سماوي],[مخرج آلي يحتاج مراجعة بشرية - وردي]
1445/03/13,14450313,مرفقات الشكوى,شكوى,ن. شكوى أسامة زيني إلى ولي العهد ـ 17-11-1445 (9 ملفات),[مخرج آلي / Script Output - سماوي],[مخرج آلي يحتاج مراجعة بشرية - وردي]
1445/03/16,14450316,أمر تنفيذ عدنان زيني ضد الشيخ أسامة ـ 401024501215577 ـ 16-03-1445,إخطار مطالبة,أ. المجلد الرئيسي للقضية (39 ملفاً),[مخرج آلي / Script Output - سماوي],[مخرج آلي يحتاج مراجعة بشرية - وردي]
1445/03/16,14450316,الشكوى ومرفقاتها,شكوى,ط. الشكوى الأولى لوزير العدل رقم 230747621 ـ 30-04-1445 (4 ملفات),[مخرج آلي / Script Output - سماوي],[مخرج آلي يحتاج مراجعة بشرية - وردي]
1445/03/16,14450316,أمر تنفيذ عدنان ـ نسخة,إخطار مطالبة,ي. مرفقات خطاب شكوى وزير العدل الأولى والثانية (21 ملفاً),[مخرج آلي / Script Output - سماوي],[مخرج آلي يحتاج مراجعة بشرية - وردي]
1445/03/16,14450316,شكوى أسامة أحمد زيني ـ دعوى رقم 42824717 ـ 30-04-1445 ـ حجم اقل.pdf,شكوى,ي. مرفقات خطاب شكوى وزير العدل الأولى والثانية (21 ملفاً),[مخرج آلي / Script Output - سماوي],[مخرج آلي يحتاج مراجعة بشرية - وردي]
1445/03/16,14450316,شكوى أسامة أحمد زيني ـ دعوى رقم 42824717.pdf,شكوى,ي. مرفقات خطاب شكوى وزير العدل الأولى والثانية (21 ملفاً),[مخرج آلي / Script Output - سماوي],[مخرج آلي يحتاج مراجعة بشرية - وردي]
1445/03/16,14450316,شكوى اسامة زيني لوزير العدل 13-11-1445 ـ 21-05-2024.pdf,شكوى,ي. مرفقات خطاب شكوى وزير العدل الأولى والثانية (21 ملفاً),[مخرج آلي / Script Output - سماوي],[مخرج آلي يحتاج مراجعة بشرية - وردي]
1445/03/16,14450316,ملف مؤقت tmp,حكم / صك,ي. مرفقات خطاب شكوى وزير العدل الأولى والثانية (21 ملفاً),[مخرج آلي / Script Output - سماوي],[مخرج آلي يحتاج مراجعة بشرية - وردي]
1445/03/16,14450316,شكوى اسامة زيني الى وزير العدل ـ 13-011-1445 ـ 21-05-2024 ـ ومرفقاتها.pdf,شكوى,ك. إعادة فتح الشكوى الثانية 199058 ـ 13-11-1445 (7 ملفات),[مخرج آلي / Script Output - سماوي],[مخرج آلي يحتاج مراجعة بشرية - وردي]
1445/03/16,14450316,شكوى لوزير العدل 13-11-1445,شكوى,ك. إعادة فتح الشكوى الثانية 199058 ـ 13-11-1445 (7 ملفات),[مخرج آلي / Script Output - سماوي],[مخرج آلي يحتاج مراجعة بشرية - وردي]
1445/03/16,14450316,شكوى اسامة زيني الى وزير العدل ـ 26-04-1446 ـ 29-10-2024 ـ ومرفقاتها.pdf,شكوى,ل. الشكوى الثالثة لوزير العدل ـ 26-04-1446 (7 ملفات),[مخرج آلي / Script Output - سماوي],[مخرج آلي يحتاج مراجعة بشرية - وردي]
1445/03/16,14450316,الشكوى الرابعة,شكوى,م. الشكوى الرابعة لوزير العدل ـ 09-06-1446 (ملفان),[مخرج آلي / Script Output - سماوي],[مخرج آلي يحتاج مراجعة بشرية - وردي]
1445/03/16,14450316,مرفقات الشكوى,شكوى,ن. شكوى أسامة زيني إلى ولي العهد ـ 17-11-1445 (9 ملفات),[مخرج آلي / Script Output - سماوي],[مخرج آلي يحتاج مراجعة بشرية - وردي]
1445/03/19,14450319,وكالة الجدة عاتقة الى محمد الثعلي ـ في 19-03-1445 ـ تنتهي 19-03-1446.pdf,وكالة,أ. المجلد الرئيسي للقضية,[مخرج آلي / Script Output - سماوي],[مخرج آلي يحتاج مراجعة بشرية - وردي]
1445/03/20,14450320,التماس على الحكم النهائي ـ دائرة الاستئناف الثانية,حكم / صك,ب. المذكرات المقدمة من الطرفين (49 ملفاً),[مخرج آلي / Script Output - سماوي],[مخرج آلي يحتاج مراجعة بشرية - وردي]
1445/03/20,14450320,مذكرة طلب النقض على الحكم النهائي,حكم / صك,ب. المذكرات المقدمة من الطرفين (49 ملفاً),[مخرج آلي / Script Output - سماوي],[مخرج آلي يحتاج مراجعة بشرية - وردي]
1445/03/20,14450320,التماس على الحكم النهائي ـ نسخة,حكم / صك,ي. مرفقات خطاب شكوى وزير العدل الأولى والثانية (21 ملفاً),[مخرج آلي / Script Output - سماوي],[مخرج آلي يحتاج مراجعة بشرية - وردي]
1445/03/20,14450320,التماس على الحكم النهائي ـ نسخة ثانية,حكم / صك,ي. مرفقات خطاب شكوى وزير العدل الأولى والثانية (21 ملفاً),[مخرج آلي / Script Output - سماوي],[مخرج آلي يحتاج مراجعة بشرية - وردي]
1445/03/20,14450320,شكوى اسامة زيني لوزير العدل 13-11-1445 ـ 21-05-2024.pdf,شكوى,ي. مرفقات خطاب شكوى وزير العدل الأولى والثانية (21 ملفاً),[مخرج آلي / Script Output - سماوي],[مخرج آلي يحتاج مراجعة بشرية - وردي]
1445/03/20,14450320,ملف مؤقت tmp,حكم / صك,ي. مرفقات خطاب شكوى وزير العدل الأولى والثانية (21 ملفاً),[مخرج آلي / Script Output - سماوي],[مخرج آلي يحتاج مراجعة بشرية - وردي]
1445/03/20,14450320,شكوى اسامة زيني الى وزير العدل ـ 13-011-1445 ـ 21-05-2024 ـ ومرفقاتها.pdf,شكوى,ك. إعادة فتح الشكوى الثانية 199058 ـ 13-11-1445 (7 ملفات),[مخرج آلي / Script Output - سماوي],[مخرج آلي يحتاج مراجعة بشرية - وردي]
1445/03/20,14450320,شكوى لوزير العدل 13-11-1445,شكوى,ك. إعادة فتح الشكوى الثانية 199058 ـ 13-11-1445 (7 ملفات),[مخرج آلي / Script Output - سماوي],[مخرج آلي يحتاج مراجعة بشرية - وردي]
1445/03/20,14450320,شكوى اسامة زيني الى وزير العدل ـ 26-04-1446 ـ 29-10-2024 ـ ومرفقاتها.pdf,شكوى,ل. الشكوى الثالثة لوزير العدل ـ 26-04-1446 (7 ملفات),[مخرج آلي / Script Output - سماوي],[مخرج آلي يحتاج مراجعة بشرية - وردي]
1445/03/20,14450320,الشكوى الرابعة,شكوى,م. الشكوى الرابعة لوزير العدل ـ 09-06-1446 (ملفان),[مخرج آلي / Script Output - سماوي],[مخرج آلي يحتاج مراجعة بشرية - وردي]
1445/03/20,14450320,الشكوى ومرفقاتها,شكوى,ن. شكوى أسامة زيني إلى ولي العهد ـ 17-11-1445 (9 ملفات),[مخرج آلي / Script Output - سماوي],[مخرج آلي يحتاج مراجعة بشرية - وردي]
1445/03/20,14450320,مرفقات الشكوى,شكوى,ن. شكوى أسامة زيني إلى ولي العهد ـ 17-11-1445 (9 ملفات),[مخرج آلي / Script Output - سماوي],[مخرج آلي يحتاج مراجعة بشرية - وردي]
1445/03/20,14450320,مذكرة التماس من المحامي الشهري بتاريخ 13-07-1445 ـ ومرفقاتها ـ 42824717.pdf,مذكرة قضائية,س. مذكرة التماس المحامي الشهري ـ 13-07-1445 (ملف واحد),[مخرج آلي / Script Output - سماوي],[مخرج آلي يحتاج مراجعة بشرية - وردي]
1445/03/24,14450324,قرار تطبيق المادة (46) على السيد/ أسامة الزيني بخصوص طلب التنفيذ المقدم من السيد/ عدنان. ـ —,تقرير طبي,أ. المجلد الرئيسي للقضية,[مخرج آلي / Script Output - سماوي],[مخرج آلي يحتاج مراجعة بشرية - وردي]
1445/03/25,14450325,قرار تطبيق المادة (46) على السيد/ أسامة الزيني بخصوص طلب التنفيذ المقدم من السيد/ عدنان. ـ —,تقرير طبي,أ. المجلد الرئيسي للقضية,[مخرج آلي / Script Output - سماوي],[مخرج آلي يحتاج مراجعة بشرية - وردي]
1445/03/28,14450328,قرار تطبيق المادة (46) على السيد/ أسامة الزيني بخصوص طلب التنفيذ المقدم من السيد/ عدنان. ـ —,تقرير طبي,أ. المجلد الرئيسي للقضية,[مخرج آلي / Script Output - سماوي],[مخرج آلي يحتاج مراجعة بشرية - وردي]
1445/03/29,14450329,قرار تطبيق المادة (46) على السيد/ أسامة الزيني بخصوص طلب التنفيذ المقدم من السيد/ عدنان. ـ —,تقرير طبي,أ. المجلد الرئيسي للقضية,[مخرج آلي / Script Output - سماوي],[مخرج آلي يحتاج مراجعة بشرية - وردي]
1445-4-7,14450407,"طلب تنفيذ مقدم من السيدة/ عاتقة ضد السيد/ أسامة فيما يتعلق بالمبلغ المحكوم لها به بموجب صك الحكم رقم (4530241622) وتاريخ 13/03/1445هـ، وقدره (27,651,219) ريال ـ 13/03/1445هـ",حكم / صك,أ. المجلد الرئيسي للقضية,[مخرج آلي / Script Output - سماوي],[مخرج آلي يحتاج مراجعة بشرية - وردي]
1445-4-7,14450407,الشكوى ومرفقاتها,شكوى,ط. الشكوى الأولى لوزير العدل رقم 230747621 ـ 30-04-1445 (4 ملفات),[مخرج آلي / Script Output - سماوي],[مخرج آلي يحتاج مراجعة بشرية - وردي]
1445-4-7,14450407,أمر تنفيذ عاتقة ـ نسخة,إخطار مطالبة,ي. مرفقات خطاب شكوى وزير العدل الأولى والثانية (21 ملفاً),[مخرج آلي / Script Output - سماوي],[مخرج آلي يحتاج مراجعة بشرية - وردي]
1445-4-7,14450407,شكوى أسامة أحمد زيني ـ دعوى رقم 42824717 ـ 30-04-1445 ـ حجم اقل.pdf,شكوى,ي. مرفقات خطاب شكوى وزير العدل الأولى والثانية (21 ملفاً),[مخرج آلي / Script Output - سماوي],[مخرج آلي يحتاج مراجعة بشرية - وردي]
1445-4-7,14450407,شكوى أسامة أحمد زيني ـ دعوى رقم 42824717.pdf,شكوى,ي. مرفقات خطاب شكوى وزير العدل الأولى والثانية (21 ملفاً),[مخرج آلي / Script Output - سماوي],[مخرج آلي يحتاج مراجعة بشرية - وردي]
1445-4-7,14450407,شكوى اسامة زيني لوزير العدل 13-11-1445 ـ 21-05-2024.pdf,شكوى,ي. مرفقات خطاب شكوى وزير العدل الأولى والثانية (21 ملفاً),[مخرج آلي / Script Output - سماوي],[مخرج آلي يحتاج مراجعة بشرية - وردي]
1445-4-7,14450407,ملف مؤقت tmp,حكم / صك,ي. مرفقات خطاب شكوى وزير العدل الأولى والثانية (21 ملفاً),[مخرج آلي / Script Output - سماوي],[مخرج آلي يحتاج مراجعة بشرية - وردي]
1445-4-7,14450407,شكوى اسامة زيني الى وزير العدل ـ 13-011-1445 ـ 21-05-2024 ـ ومرفقاتها.pdf,شكوى,ك. إعادة فتح الشكوى الثانية 199058 ـ 13-11-1445 (7 ملفات),[مخرج آلي / Script Output - سماوي],[مخرج آلي يحتاج مراجعة بشرية - وردي]
1445-4-7,14450407,شكوى لوزير العدل 13-11-1445,شكوى,ك. إعادة فتح الشكوى الثانية 199058 ـ 13-11-1445 (7 ملفات),[مخرج آلي / Script Output - سماوي],[مخرج آلي يحتاج مراجعة بشرية - وردي]
1445-4-7,14450407,شكوى اسامة زيني الى وزير العدل ـ 26-04-1446 ـ 29-10-2024 ـ ومرفقاتها.pdf,شكوى,ل. الشكوى الثالثة لوزير العدل ـ 26-04-1446 (7 ملفات),[مخرج آلي / Script Output - سماوي],[مخرج آلي يحتاج مراجعة بشرية - وردي]
1445-4-7,14450407,الشكوى الرابعة,شكوى,م. الشكوى الرابعة لوزير العدل ـ 09-06-1446 (ملفان),[مخرج آلي / Script Output - سماوي],[مخرج آلي يحتاج مراجعة بشرية - وردي]
1445-4-7,14450407,مرفقات الشكوى,شكوى,ن. شكوى أسامة زيني إلى ولي العهد ـ 17-11-1445 (9 ملفات),[مخرج آلي / Script Output - سماوي],[مخرج آلي يحتاج مراجعة بشرية - وردي]
1445/04/08,14450408,"طلب تنفيذ مقدم من السيدة/ عاتقة ضد السيد/ أسامة فيما يتعلق بالمبلغ المحكوم لها به بموجب صك الحكم رقم (4530241622) وتاريخ 13/03/1445هـ، وقدره (27,651,219) ريال ـ 13/03/1445هـ",حكم / صك,أ. المجلد الرئيسي للقضية,[مخرج آلي / Script Output - سماوي],[مخرج آلي يحتاج مراجعة بشرية - وردي]
1445/04/08,14450408,أمر تنفيذ الوالدة عاتقة ضد الشيخ أسامة ـ 401024501240718 ـ 08-04-1445 ـ منتهي,محضر,أ. المجلد الرئيسي للقضية (39 ملفاً),[مخرج آلي / Script Output - سماوي],[مخرج آلي يحتاج مراجعة بشرية - وردي]
1445/04/08,14450408,الشكوى ومرفقاتها,شكوى,ط. الشكوى الأولى لوزير العدل رقم 230747621 ـ 30-04-1445 (4 ملفات),[مخرج آلي / Script Output - سماوي],[مخرج آلي يحتاج مراجعة بشرية - وردي]
1445/04/08,14450408,أمر تنفيذ عاتقة ـ نسخة,إخطار مطالبة,ي. مرفقات خطاب شكوى وزير العدل الأولى والثانية (21 ملفاً),[مخرج آلي / Script Output - سماوي],[مخرج آلي يحتاج مراجعة بشرية - وردي]
1445/04/08,14450408,شكوى أسامة أحمد زيني ـ دعوى رقم 42824717 ـ 30-04-1445 ـ حجم اقل.pdf,شكوى,ي. مرفقات خطاب شكوى وزير العدل الأولى والثانية (21 ملفاً),[مخرج آلي / Script Output - سماوي],[مخرج آلي يحتاج مراجعة بشرية - وردي]
1445/04/08,14450408,شكوى أسامة أحمد زيني ـ دعوى رقم 42824717.pdf,شكوى,ي. مرفقات خطاب شكوى وزير العدل الأولى والثانية (21 ملفاً),[مخرج آلي / Script Output - سماوي],[مخرج آلي يحتاج مراجعة بشرية - وردي]
1445/04/08,14450408,شكوى اسامة زيني لوزير العدل 13-11-1445 ـ 21-05-2024.pdf,شكوى,ي. مرفقات خطاب شكوى وزير العدل الأولى والثانية (21 ملفاً),[مخرج آلي / Script Output - سماوي],[مخرج آلي يحتاج مراجعة بشرية - وردي]
1445/04/08,14450408,ملف مؤقت tmp,حكم / صك,ي. مرفقات خطاب شكوى وزير العدل الأولى والثانية (21 ملفاً),[مخرج آلي / Script Output - سماوي],[مخرج آلي يحتاج مراجعة بشرية - وردي]
1445/04/08,14450408,شكوى اسامة زيني الى وزير العدل ـ 13-011-1445 ـ 21-05-2024 ـ ومرفقاتها.pdf,شكوى,ك. إعادة فتح الشكوى الثانية 199058 ـ 13-11-1445 (7 ملفات),[مخرج آلي / Script Output - سماوي],[مخرج آلي يحتاج مراجعة بشرية - وردي]
1445/04/08,14450408,شكوى لوزير العدل 13-11-1445,شكوى,ك. إعادة فتح الشكوى الثانية 199058 ـ 13-11-1445 (7 ملفات),[مخرج آلي / Script Output - سماوي],[مخرج آلي يحتاج مراجعة بشرية - وردي]
1445/04/08,14450408,شكوى اسامة زيني الى وزير العدل ـ 26-04-1446 ـ 29-10-2024 ـ ومرفقاتها.pdf,شكوى,ل. الشكوى الثالثة لوزير العدل ـ 26-04-1446 (7 ملفات),[مخرج آلي / Script Output - سماوي],[مخرج آلي يحتاج مراجعة بشرية - وردي]
1445/04/08,14450408,الشكوى الرابعة,شكوى,م. الشكوى الرابعة لوزير العدل ـ 09-06-1446 (ملفان),[مخرج آلي / Script Output - سماوي],[مخرج آلي يحتاج مراجعة بشرية - وردي]
1445/04/08,14450408,مرفقات الشكوى,شكوى,ن. شكوى أسامة زيني إلى ولي العهد ـ 17-11-1445 (9 ملفات),[مخرج آلي / Script Output - سماوي],[مخرج آلي يحتاج مراجعة بشرية - وردي]
1445/04/10,14450410,صورة رفض مذكرة طلب النقض ـ 10-04-1445,مذكرة قضائية,أ. المجلد الرئيسي للقضية (39 ملفاً),[مخرج آلي / Script Output - سماوي],[مخرج آلي يحتاج مراجعة بشرية - وردي]
1445/04/14,14450414,أمر تنفيذ الوالدة عاتقة ضد الشيخ أسامة ـ 401024501240718 ـ 08-04-1445 ـ منتهي,محضر,أ. المجلد الرئيسي للقضية (39 ملفاً),[مخرج آلي / Script Output - سماوي],[مخرج آلي يحتاج مراجعة بشرية - وردي]
1445-04-17,14450417,أمر تنفيذ الوالدة عاتقة ضد الشيخ أسامة ـ 401024501240718 ـ 08-04-1445 ـ منتهي,محضر,أ. المجلد الرئيسي للقضية (39 ملفاً),[مخرج آلي / Script Output - سماوي],[مخرج آلي يحتاج مراجعة بشرية - وردي]
1445/04/30,14450430,صورة تقديم الشكوى,شكوى,ط. الشكوى الأولى لوزير العدل رقم 230747621 ـ 30-04-1445 (4 ملفات),[مخرج آلي / Script Output - سماوي],[مخرج آلي يحتاج مراجعة بشرية - وردي]
1445/04/30,14450430,موجز عن شكوى الشيخ اسامة زيني رقم 230747621 في 30-04-1445هـ الى المجلس الأعلى للقضاء ـ في القضية 42824717.pdf,شكوى,ط. الشكوى الأولى لوزير العدل رقم 230747621 ـ 30-04-1445 (4 ملفات),[مخرج آلي / Script Output - سماوي],[مخرج آلي يحتاج مراجعة بشرية - وردي]
1445/04/30,14450430,طلب الشكوى للمجلس الأعلى (صورة),شكوى,ك. إعادة فتح الشكوى الثانية 199058 ـ 13-11-1445 (7 ملفات),[مخرج آلي / Script Output - سماوي],[مخرج آلي يحتاج مراجعة بشرية - وردي]
1445/04/30,14450430,موجز إعادة فتح الشكوى,شكوى,ك. إعادة فتح الشكوى الثانية 199058 ـ 13-11-1445 (7 ملفات),[مخرج آلي / Script Output - سماوي],[مخرج آلي يحتاج مراجعة بشرية - وردي]
1445/04/30,14450430,صورة تقديم الشكوى ـ 243138211,شكوى,ل. الشكوى الثالثة لوزير العدل ـ 26-04-1446 (7 ملفات),[مخرج آلي / Script Output - سماوي],[مخرج آلي يحتاج مراجعة بشرية - وردي]
1445/06/15,14450615,التماس على الحكم النهائي ـ نسخة,حكم / صك,ي. مرفقات خطاب شكوى وزير العدل الأولى والثانية (21 ملفاً),[مخرج آلي / Script Output - سماوي],[مخرج آلي يحتاج مراجعة بشرية - وردي]
1445/06/15,14450615,شكوى اسامة زيني لوزير العدل 13-11-1445 ـ 21-05-2024.pdf,شكوى,ي. مرفقات خطاب شكوى وزير العدل الأولى والثانية (21 ملفاً),[مخرج آلي / Script Output - سماوي],[مخرج آلي يحتاج مراجعة بشرية - وردي]
1445/06/15,14450615,ملف مؤقت tmp,حكم / صك,ي. مرفقات خطاب شكوى وزير العدل الأولى والثانية (21 ملفاً),[مخرج آلي / Script Output - سماوي],[مخرج آلي يحتاج مراجعة بشرية - وردي]
1445/06/15,14450615,شكوى اسامة زيني الى وزير العدل ـ 13-011-1445 ـ 21-05-2024 ـ ومرفقاتها.pdf,شكوى,ك. إعادة فتح الشكوى الثانية 199058 ـ 13-11-1445 (7 ملفات),[مخرج آلي / Script Output - سماوي],[مخرج آلي يحتاج مراجعة بشرية - وردي]
1445/06/15,14450615,شكوى لوزير العدل 13-11-1445,شكوى,ك. إعادة فتح الشكوى الثانية 199058 ـ 13-11-1445 (7 ملفات),[مخرج آلي / Script Output - سماوي],[مخرج آلي يحتاج مراجعة بشرية - وردي]
1445/06/15,14450615,شكوى اسامة زيني الى وزير العدل ـ 26-04-1446 ـ 29-10-2024 ـ ومرفقاتها.pdf,شكوى,ل. الشكوى الثالثة لوزير العدل ـ 26-04-1446 (7 ملفات),[مخرج آلي / Script Output - سماوي],[مخرج آلي يحتاج مراجعة بشرية - وردي]
1445/06/15,14450615,الشكوى الرابعة,شكوى,م. الشكوى الرابعة لوزير العدل ـ 09-06-1446 (ملفان),[مخرج آلي / Script Output - سماوي],[مخرج آلي يحتاج مراجعة بشرية - وردي]
1445/06/15,14450615,مرفقات الشكوى,شكوى,ن. شكوى أسامة زيني إلى ولي العهد ـ 17-11-1445 (9 ملفات),[مخرج آلي / Script Output - سماوي],[مخرج آلي يحتاج مراجعة بشرية - وردي]
1445 / 06 / 18,14450618,شكوى لدى المجلس الأعلى للقضاء ضد الدائرة. ـ —,شكوى,أ. المجلد الرئيسي للقضية,[مخرج آلي / Script Output - سماوي],[مخرج آلي يحتاج مراجعة بشرية - وردي]
1445/06/18,14450618,طلب اعادة فتح شكوى رقم 199058 المجلس الأعلى للقضاء ـ في 13-11-1445 ـ 21-05-2024.pdf,شكوى,أ. المجلد الرئيسي للقضية,[مخرج آلي / Script Output - سماوي],[مخرج آلي يحتاج مراجعة بشرية - وردي]
1445/06/18,14450618,موجز عن شكوى الشيخ اسامة زيني رقم 230747621 في 30-04-1445هـ الى المجلس الأعلى للقضاء ـ في القضية 42824717.pdf,شكوى,ط. الشكوى الأولى لوزير العدل رقم 230747621 ـ 30-04-1445 (4 ملفات),[مخرج آلي / Script Output - سماوي],[مخرج آلي يحتاج مراجعة بشرية - وردي]
1445/06/18,14450618,صورة تقديم 21-05-2024 (3),شكوى,ي. مرفقات خطاب شكوى وزير العدل الأولى والثانية (21 ملفاً),[مخرج آلي / Script Output - سماوي],[مخرج آلي يحتاج مراجعة بشرية - وردي]
1445/06/18,14450618,رد مجلس القضاء الأعلى على الشكوى ـ 199058,شكوى,ك. إعادة فتح الشكوى الثانية 199058 ـ 13-11-1445 (7 ملفات),[مخرج آلي / Script Output - سماوي],[مخرج آلي يحتاج مراجعة بشرية - وردي]
1445/06/18,14450618,طلب اعادة فتح شكوى رقم 199058 ـ في 13-11-1445 ـ 21-05-2024.JPG,شكوى,ك. إعادة فتح الشكوى الثانية 199058 ـ 13-11-1445 (7 ملفات),[مخرج آلي / Script Output - سماوي],[مخرج آلي يحتاج مراجعة بشرية - وردي]
1445/06/18,14450618,موجز إعادة فتح الشكوى,شكوى,ك. إعادة فتح الشكوى الثانية 199058 ـ 13-11-1445 (7 ملفات),[مخرج آلي / Script Output - سماوي],[مخرج آلي يحتاج مراجعة بشرية - وردي]
1445/06/18,14450618,صورة تقديم الشكوى ـ 243138211,شكوى,ل. الشكوى الثالثة لوزير العدل ـ 26-04-1446 (7 ملفات),[مخرج آلي / Script Output - سماوي],[مخرج آلي يحتاج مراجعة بشرية - وردي]
1445/06/19,14450619,تفاصيل طلب موعد مع وزير العدل بتاريخ 19-06-1445.pdf,شكوى,ن. شكوى أسامة زيني إلى ولي العهد ـ 17-11-1445 (9 ملفات),[مخرج آلي / Script Output - سماوي],[مخرج آلي يحتاج مراجعة بشرية - وردي]
1445/06/25,14450625,الشكوى ومرفقاتها,شكوى,ن. شكوى أسامة زيني إلى ولي العهد ـ 17-11-1445 (9 ملفات),[مخرج آلي / Script Output - سماوي],[مخرج آلي يحتاج مراجعة بشرية - وردي]
1445/07/04,14450704,التماس على الحكم النهائي ـ نسخة,حكم / صك,ي. مرفقات خطاب شكوى وزير العدل الأولى والثانية (21 ملفاً),[مخرج آلي / Script Output - سماوي],[مخرج آلي يحتاج مراجعة بشرية - وردي]
1445/07/04,14450704,شكوى اسامة زيني لوزير العدل 13-11-1445 ـ 21-05-2024.pdf,شكوى,ي. مرفقات خطاب شكوى وزير العدل الأولى والثانية (21 ملفاً),[مخرج آلي / Script Output - سماوي],[مخرج آلي يحتاج مراجعة بشرية - وردي]
1445/07/04,14450704,ملف مؤقت tmp,حكم / صك,ي. مرفقات خطاب شكوى وزير العدل الأولى والثانية (21 ملفاً),[مخرج آلي / Script Output - سماوي],[مخرج آلي يحتاج مراجعة بشرية - وردي]
1445/07/04,14450704,شكوى اسامة زيني الى وزير العدل ـ 13-011-1445 ـ 21-05-2024 ـ ومرفقاتها.pdf,شكوى,ك. إعادة فتح الشكوى الثانية 199058 ـ 13-11-1445 (7 ملفات),[مخرج آلي / Script Output - سماوي],[مخرج آلي يحتاج مراجعة بشرية - وردي]
1445/07/04,14450704,شكوى لوزير العدل 13-11-1445,شكوى,ك. إعادة فتح الشكوى الثانية 199058 ـ 13-11-1445 (7 ملفات),[مخرج آلي / Script Output - سماوي],[مخرج آلي يحتاج مراجعة بشرية - وردي]
1445/07/04,14450704,شكوى اسامة زيني الى وزير العدل ـ 26-04-1446 ـ 29-10-2024 ـ ومرفقاتها.pdf,شكوى,ل. الشكوى الثالثة لوزير العدل ـ 26-04-1446 (7 ملفات),[مخرج آلي / Script Output - سماوي],[مخرج آلي يحتاج مراجعة بشرية - وردي]
1445/07/04,14450704,الشكوى الرابعة,شكوى,م. الشكوى الرابعة لوزير العدل ـ 09-06-1446 (ملفان),[مخرج آلي / Script Output - سماوي],[مخرج آلي يحتاج مراجعة بشرية - وردي]
1445/7/04,14450704,الشكوى ومرفقاتها,شكوى,ن. شكوى أسامة زيني إلى ولي العهد ـ 17-11-1445 (9 ملفات),[مخرج آلي / Script Output - سماوي],[مخرج آلي يحتاج مراجعة بشرية - وردي]
1445/07/04,14450704,مرفقات الشكوى,شكوى,ن. شكوى أسامة زيني إلى ولي العهد ـ 17-11-1445 (9 ملفات),[مخرج آلي / Script Output - سماوي],[مخرج آلي يحتاج مراجعة بشرية - وردي]
1445/7/9,14450709,التماس على الحكم النهائي ـ دائرة الاستئناف الثانية,حكم / صك,ب. المذكرات المقدمة من الطرفين (49 ملفاً),[مخرج آلي / Script Output - سماوي],[مخرج آلي يحتاج مراجعة بشرية - وردي]
1445/7/9,14450709,التماس على الحكم النهائي ـ نسخة,حكم / صك,ي. مرفقات خطاب شكوى وزير العدل الأولى والثانية (21 ملفاً),[مخرج آلي / Script Output - سماوي],[مخرج آلي يحتاج مراجعة بشرية - وردي]
1445/7/9,14450709,التماس على الحكم النهائي ـ نسخة ثانية,حكم / صك,ي. مرفقات خطاب شكوى وزير العدل الأولى والثانية (21 ملفاً),[مخرج آلي / Script Output - سماوي],[مخرج آلي يحتاج مراجعة بشرية - وردي]
1445/7/9,14450709,شكوى اسامة زيني لوزير العدل 13-11-1445 ـ 21-05-2024.pdf,شكوى,ي. مرفقات خطاب شكوى وزير العدل الأولى والثانية (21 ملفاً),[مخرج آلي / Script Output - سماوي],[مخرج آلي يحتاج مراجعة بشرية - وردي]
1445/7/9,14450709,ملف مؤقت tmp,حكم / صك,ي. مرفقات خطاب شكوى وزير العدل الأولى والثانية (21 ملفاً),[مخرج آلي / Script Output - سماوي],[مخرج آلي يحتاج مراجعة بشرية - وردي]
1445/7/9,14450709,شكوى اسامة زيني الى وزير العدل ـ 13-011-1445 ـ 21-05-2024 ـ ومرفقاتها.pdf,شكوى,ك. إعادة فتح الشكوى الثانية 199058 ـ 13-11-1445 (7 ملفات),[مخرج آلي / Script Output - سماوي],[مخرج آلي يحتاج مراجعة بشرية - وردي]
1445/7/9,14450709,شكوى لوزير العدل 13-11-1445,شكوى,ك. إعادة فتح الشكوى الثانية 199058 ـ 13-11-1445 (7 ملفات),[مخرج آلي / Script Output - سماوي],[مخرج آلي يحتاج مراجعة بشرية - وردي]
1445/7/9,14450709,شكوى اسامة زيني الى وزير العدل ـ 26-04-1446 ـ 29-10-2024 ـ ومرفقاتها.pdf,شكوى,ل. الشكوى الثالثة لوزير العدل ـ 26-04-1446 (7 ملفات),[مخرج آلي / Script Output - سماوي],[مخرج آلي يحتاج مراجعة بشرية - وردي]
1445/7/9,14450709,الشكوى الرابعة,شكوى,م. الشكوى الرابعة لوزير العدل ـ 09-06-1446 (ملفان),[مخرج آلي / Script Output - سماوي],[مخرج آلي يحتاج مراجعة بشرية - وردي]
1445/7/9,14450709,مرفقات الشكوى,شكوى,ن. شكوى أسامة زيني إلى ولي العهد ـ 17-11-1445 (9 ملفات),[مخرج آلي / Script Output - سماوي],[مخرج آلي يحتاج مراجعة بشرية - وردي]
1445/7/11,14450711,التماس على الحكم النهائي ـ دائرة الاستئناف الثانية,حكم / صك,ب. المذكرات المقدمة من الطرفين (49 ملفاً),[مخرج آلي / Script Output - سماوي],[مخرج آلي يحتاج مراجعة بشرية - وردي]
1445/7/11,14450711,التماس على الحكم النهائي ـ نسخة,حكم / صك,ي. مرفقات خطاب شكوى وزير العدل الأولى والثانية (21 ملفاً),[مخرج آلي / Script Output - سماوي],[مخرج آلي يحتاج مراجعة بشرية - وردي]
1445/7/11,14450711,التماس على الحكم النهائي ـ نسخة ثانية,حكم / صك,ي. مرفقات خطاب شكوى وزير العدل الأولى والثانية (21 ملفاً),[مخرج آلي / Script Output - سماوي],[مخرج آلي يحتاج مراجعة بشرية - وردي]
1445/7/11,14450711,شكوى اسامة زيني لوزير العدل 13-11-1445 ـ 21-05-2024.pdf,شكوى,ي. مرفقات خطاب شكوى وزير العدل الأولى والثانية (21 ملفاً),[مخرج آلي / Script Output - سماوي],[مخرج آلي يحتاج مراجعة بشرية - وردي]
1445/7/11,14450711,ملف مؤقت tmp,حكم / صك,ي. مرفقات خطاب شكوى وزير العدل الأولى والثانية (21 ملفاً),[مخرج آلي / Script Output - سماوي],[مخرج آلي يحتاج مراجعة بشرية - وردي]
1445/7/11,14450711,شكوى اسامة زيني الى وزير العدل ـ 13-011-1445 ـ 21-05-2024 ـ ومرفقاتها.pdf,شكوى,ك. إعادة فتح الشكوى الثانية 199058 ـ 13-11-1445 (7 ملفات),[مخرج آلي / Script Output - سماوي],[مخرج آلي يحتاج مراجعة بشرية - وردي]
1445/7/11,14450711,شكوى لوزير العدل 13-11-1445,شكوى,ك. إعادة فتح الشكوى الثانية 199058 ـ 13-11-1445 (7 ملفات),[مخرج آلي / Script Output - سماوي],[مخرج آلي يحتاج مراجعة بشرية - وردي]
1445/7/11,14450711,شكوى اسامة زيني الى وزير العدل ـ 26-04-1446 ـ 29-10-2024 ـ ومرفقاتها.pdf,شكوى,ل. الشكوى الثالثة لوزير العدل ـ 26-04-1446 (7 ملفات),[مخرج آلي / Script Output - سماوي],[مخرج آلي يحتاج مراجعة بشرية - وردي]
1445/7/11,14450711,الشكوى الرابعة,شكوى,م. الشكوى الرابعة لوزير العدل ـ 09-06-1446 (ملفان),[مخرج آلي / Script Output - سماوي],[مخرج آلي يحتاج مراجعة بشرية - وردي]
1445/7/11,14450711,مرفقات الشكوى,شكوى,ن. شكوى أسامة زيني إلى ولي العهد ـ 17-11-1445 (9 ملفات),[مخرج آلي / Script Output - سماوي],[مخرج آلي يحتاج مراجعة بشرية - وردي]
1445/07/13,14450713,التماس على الحكم النهائي ـ نسخة,حكم / صك,ي. مرفقات خطاب شكوى وزير العدل الأولى والثانية (21 ملفاً),[مخرج آلي / Script Output - سماوي],[مخرج آلي يحتاج مراجعة بشرية - وردي]
1445/07/13,14450713,شكوى اسامة زيني لوزير العدل 13-11-1445 ـ 21-05-2024.pdf,شكوى,ي. مرفقات خطاب شكوى وزير العدل الأولى والثانية (21 ملفاً),[مخرج آلي / Script Output - سماوي],[مخرج آلي يحتاج مراجعة بشرية - وردي]
1445/07/13,14450713,ملف مؤقت tmp,حكم / صك,ي. مرفقات خطاب شكوى وزير العدل الأولى والثانية (21 ملفاً),[مخرج آلي / Script Output - سماوي],[مخرج آلي يحتاج مراجعة بشرية - وردي]
1445/07/13,14450713,شكوى اسامة زيني الى وزير العدل ـ 13-011-1445 ـ 21-05-2024 ـ ومرفقاتها.pdf,شكوى,ك. إعادة فتح الشكوى الثانية 199058 ـ 13-11-1445 (7 ملفات),[مخرج آلي / Script Output - سماوي],[مخرج آلي يحتاج مراجعة بشرية - وردي]
1445/07/13,14450713,شكوى لوزير العدل 13-11-1445,شكوى,ك. إعادة فتح الشكوى الثانية 199058 ـ 13-11-1445 (7 ملفات),[مخرج آلي / Script Output - سماوي],[مخرج آلي يحتاج مراجعة بشرية - وردي]
1445/07/13,14450713,شكوى اسامة زيني الى وزير العدل ـ 26-04-1446 ـ 29-10-2024 ـ ومرفقاتها.pdf,شكوى,ل. الشكوى الثالثة لوزير العدل ـ 26-04-1446 (7 ملفات),[مخرج آلي / Script Output - سماوي],[مخرج آلي يحتاج مراجعة بشرية - وردي]
1445/07/13,14450713,الشكوى الرابعة,شكوى,م. الشكوى الرابعة لوزير العدل ـ 09-06-1446 (ملفان),[مخرج آلي / Script Output - سماوي],[مخرج آلي يحتاج مراجعة بشرية - وردي]
1445/7/13,14450713,الشكوى ومرفقاتها,شكوى,ن. شكوى أسامة زيني إلى ولي العهد ـ 17-11-1445 (9 ملفات),[مخرج آلي / Script Output - سماوي],[مخرج آلي يحتاج مراجعة بشرية - وردي]
1445/07/13,14450713,مرفقات الشكوى,شكوى,ن. شكوى أسامة زيني إلى ولي العهد ـ 17-11-1445 (9 ملفات),[مخرج آلي / Script Output - سماوي],[مخرج آلي يحتاج مراجعة بشرية - وردي]
1445/08/16,14450816,أمر تنفيذ الوالدة عاتقة ضد الشيخ أسامة ـ 401024501240718 ـ 08-04-1445 ـ منتهي,محضر,أ. المجلد الرئيسي للقضية (39 ملفاً),[مخرج آلي / Script Output - سماوي],[مخرج آلي يحتاج مراجعة بشرية - وردي]
1445/ 08/16,14450816,مذكرة جوابية في 16-8-1445 ـ على الحكم النهائي ـ دائرة الاستئناف الثانية ضد الشيخ اسامة زيني ـ 42824717.pdf,حكم / صك,ب. المذكرات المقدمة من الطرفين (49 ملفاً),[مخرج آلي / Script Output - سماوي],[مخرج آلي يحتاج مراجعة بشرية - وردي]
1445/11/13,14451113,طلب اعادة فتح شكوى رقم 199058 المجلس الأعلى للقضاء ـ في 13-11-1445 ـ 21-05-2024.pdf,شكوى,أ. المجلد الرئيسي للقضية,[مخرج آلي / Script Output - سماوي],[مخرج آلي يحتاج مراجعة بشرية - وردي]
1445/11/13,14451113,صورة تقديم 21-05-2024 (1),مذكرة قضائية,ي. مرفقات خطاب شكوى وزير العدل الأولى والثانية (21 ملفاً),[مخرج آلي / Script Output - سماوي],[مخرج آلي يحتاج مراجعة بشرية - وردي]
1445/11/13,14451113,صورة تقديم 21-05-2024 (2),تقرير خبرة,ي. مرفقات خطاب شكوى وزير العدل الأولى والثانية (21 ملفاً),[مخرج آلي / Script Output - سماوي],[مخرج آلي يحتاج مراجعة بشرية - وردي]
1445/11/13,14451113,طلب اعادة فتح شكوى رقم 199058 ـ في 13-11-1445 ـ 21-05-2024.JPG,شكوى,ك. إعادة فتح الشكوى الثانية 199058 ـ 13-11-1445 (7 ملفات),[مخرج آلي / Script Output - سماوي],[مخرج آلي يحتاج مراجعة بشرية - وردي]
1445 - 11 - 13,14451113,شكوى اسامة زيني الى وزير العدل ـ 26-04-1446 ـ 29-10-2024 ـ ومرفقاتها.pdf,شكوى,ل. الشكوى الثالثة لوزير العدل ـ 26-04-1446 (7 ملفات),[مخرج آلي / Script Output - سماوي],[مخرج آلي يحتاج مراجعة بشرية - وردي]
1445 - 11 - 13,14451113,الشكوى الرابعة,شكوى,م. الشكوى الرابعة لوزير العدل ـ 09-06-1446 (ملفان),[مخرج آلي / Script Output - سماوي],[مخرج آلي يحتاج مراجعة بشرية - وردي]
1445/11/14,14451114,أمر تنفيذ الوالدة عاتقة ضد الشيخ أسامة ـ 401024501240718 ـ 08-04-1445 ـ منتهي,محضر,أ. المجلد الرئيسي للقضية (39 ملفاً),[مخرج آلي / Script Output - سماوي],[مخرج آلي يحتاج مراجعة بشرية - وردي]
1445/11/17,14451117,تفاصيل التقديم ـ صدرت للمجلس الأعلى,عقد / اتفاقية,ن. شكوى أسامة زيني إلى ولي العهد ـ 17-11-1445 (9 ملفات),[مخرج آلي / Script Output - سماوي],[مخرج آلي يحتاج مراجعة بشرية - وردي]
1445/11/22,14451122,تفاصيل التقديم ـ صدرت للمجلس الأعلى,عقد / اتفاقية,ن. شكوى أسامة زيني إلى ولي العهد ـ 17-11-1445 (9 ملفات),[مخرج آلي / Script Output - سماوي],[مخرج آلي يحتاج مراجعة بشرية - وردي]
1445/12/04,14451204,محضر رفع التصرف على صك أرض التنس بموجب طلب الإفلاس من عدنان رقم (405034600788314) وتاريخ 23/03/1446هـ. ـ 23/03/1446هـ,حكم / صك,أ. المجلد الرئيسي للقضية,[مخرج آلي / Script Output - سماوي],[مخرج آلي يحتاج مراجعة بشرية - وردي]
1446/01/27,14460127,محضر رفع التصرف على صك أرض التنس بموجب طلب الإفلاس من عدنان رقم (405034600788314) وتاريخ 23/03/1446هـ. ـ 23/03/1446هـ,حكم / صك,أ. المجلد الرئيسي للقضية,[مخرج آلي / Script Output - سماوي],[مخرج آلي يحتاج مراجعة بشرية - وردي]
1446/02/29,14460229,محضر رفع التصرف على صك أرض التنس بموجب طلب الإفلاس من عدنان رقم (405034600788314) وتاريخ 23/03/1446هـ. ـ 23/03/1446هـ,حكم / صك,أ. المجلد الرئيسي للقضية,[مخرج آلي / Script Output - سماوي],[مخرج آلي يحتاج مراجعة بشرية - وردي]
1446/03/19,14460319,وكالة الجدة عاتقة الى محمد الثعلي ـ في 19-03-1445 ـ تنتهي 19-03-1446.pdf,وكالة,أ. المجلد الرئيسي للقضية,[مخرج آلي / Script Output - سماوي],[مخرج آلي يحتاج مراجعة بشرية - وردي]
1446/03/20,14460320,التماس على الحكم النهائي ـ دائرة الاستئناف الثانية,حكم / صك,ب. المذكرات المقدمة من الطرفين (49 ملفاً),[مخرج آلي / Script Output - سماوي],[مخرج آلي يحتاج مراجعة بشرية - وردي]
1446/03/20,14460320,مذكرة طلب النقض على الحكم النهائي,حكم / صك,ب. المذكرات المقدمة من الطرفين (49 ملفاً),[مخرج آلي / Script Output - سماوي],[مخرج آلي يحتاج مراجعة بشرية - وردي]
1446/03/20,14460320,التماس على الحكم النهائي ـ نسخة,حكم / صك,ي. مرفقات خطاب شكوى وزير العدل الأولى والثانية (21 ملفاً),[مخرج آلي / Script Output - سماوي],[مخرج آلي يحتاج مراجعة بشرية - وردي]
1446/03/20,14460320,التماس على الحكم النهائي ـ نسخة ثانية,حكم / صك,ي. مرفقات خطاب شكوى وزير العدل الأولى والثانية (21 ملفاً),[مخرج آلي / Script Output - سماوي],[مخرج آلي يحتاج مراجعة بشرية - وردي]
1446/03/20,14460320,شكوى اسامة زيني لوزير العدل 13-11-1445 ـ 21-05-2024.pdf,شكوى,ي. مرفقات خطاب شكوى وزير العدل الأولى والثانية (21 ملفاً),[مخرج آلي / Script Output - سماوي],[مخرج آلي يحتاج مراجعة بشرية - وردي]
1446/03/20,14460320,ملف مؤقت tmp,حكم / صك,ي. مرفقات خطاب شكوى وزير العدل الأولى والثانية (21 ملفاً),[مخرج آلي / Script Output - سماوي],[مخرج آلي يحتاج مراجعة بشرية - وردي]
1446/03/20,14460320,شكوى اسامة زيني الى وزير العدل ـ 13-011-1445 ـ 21-05-2024 ـ ومرفقاتها.pdf,شكوى,ك. إعادة فتح الشكوى الثانية 199058 ـ 13-11-1445 (7 ملفات),[مخرج آلي / Script Output - سماوي],[مخرج آلي يحتاج مراجعة بشرية - وردي]
1446/03/20,14460320,شكوى لوزير العدل 13-11-1445,شكوى,ك. إعادة فتح الشكوى الثانية 199058 ـ 13-11-1445 (7 ملفات),[مخرج آلي / Script Output - سماوي],[مخرج آلي يحتاج مراجعة بشرية - وردي]
1446/03/20,14460320,شكوى اسامة زيني الى وزير العدل ـ 26-04-1446 ـ 29-10-2024 ـ ومرفقاتها.pdf,شكوى,ل. الشكوى الثالثة لوزير العدل ـ 26-04-1446 (7 ملفات),[مخرج آلي / Script Output - سماوي],[مخرج آلي يحتاج مراجعة بشرية - وردي]
1446/03/20,14460320,الشكوى الرابعة,شكوى,م. الشكوى الرابعة لوزير العدل ـ 09-06-1446 (ملفان),[مخرج آلي / Script Output - سماوي],[مخرج آلي يحتاج مراجعة بشرية - وردي]
1446/03/20,14460320,الشكوى ومرفقاتها,شكوى,ن. شكوى أسامة زيني إلى ولي العهد ـ 17-11-1445 (9 ملفات),[مخرج آلي / Script Output - سماوي],[مخرج آلي يحتاج مراجعة بشرية - وردي]
1446/03/20,14460320,مرفقات الشكوى,شكوى,ن. شكوى أسامة زيني إلى ولي العهد ـ 17-11-1445 (9 ملفات),[مخرج آلي / Script Output - سماوي],[مخرج آلي يحتاج مراجعة بشرية - وردي]
1446/03/20,14460320,مذكرة التماس من المحامي الشهري بتاريخ 13-07-1445 ـ ومرفقاتها ـ 42824717.pdf,مذكرة قضائية,س. مذكرة التماس المحامي الشهري ـ 13-07-1445 (ملف واحد),[مخرج آلي / Script Output - سماوي],[مخرج آلي يحتاج مراجعة بشرية - وردي]
1446 / 04 / 27,14460427,شكوى لدى المجلس الأعلى للقضاء ضد الدائرة. ـ —,شكوى,أ. المجلد الرئيسي للقضية,[مخرج آلي / Script Output - سماوي],[مخرج آلي يحتاج مراجعة بشرية - وردي]
1446/04/27,14460427,صورة تقديم الشكوى ـ 243138211,شكوى,ل. الشكوى الثالثة لوزير العدل ـ 26-04-1446 (7 ملفات),[مخرج آلي / Script Output - سماوي],[مخرج آلي يحتاج مراجعة بشرية - وردي]
1446 - 04 - 27,14460427,الشكوى الرابعة,شكوى,م. الشكوى الرابعة لوزير العدل ـ 09-06-1446 (ملفان),[مخرج آلي / Script Output - سماوي],[مخرج آلي يحتاج مراجعة بشرية - وردي]
1446 / 06 / 02,14460602,مذكرة جوابية من المدعي ـ 28-08-1447,مذكرة قضائية,ب. المذكرات المقدمة من الطرفين (49 ملفاً),[مخرج آلي / Script Output - سماوي],[مخرج آلي يحتاج مراجعة بشرية - وردي]
1446 / 06 / 09,14460609,الشكوى الرابعة,شكوى,م. الشكوى الرابعة لوزير العدل ـ 09-06-1446 (ملفان),[مخرج آلي / Script Output - سماوي],[مخرج آلي يحتاج مراجعة بشرية - وردي]
1446 / 06 / 18,14460618,مذكرة جوابية من المدعي ـ 28-08-1447,مذكرة قضائية,ب. المذكرات المقدمة من الطرفين (49 ملفاً),[مخرج آلي / Script Output - سماوي],[مخرج آلي يحتاج مراجعة بشرية - وردي]
1447/02/13,14470213,شكوى لدى المجلس الأعلى للقضاء ضد الدائرة. ـ —,شكوى,أ. المجلد الرئيسي للقضية,[مخرج آلي / Script Output - سماوي],[مخرج آلي يحتاج مراجعة بشرية - وردي]
1447/04/13,14470413,أمر تنفيذ الوالدة عاتقة ضد الشيخ أسامة ـ 401024501240718 ـ 08-04-1445 ـ منتهي,محضر,أ. المجلد الرئيسي للقضية (39 ملفاً),[مخرج آلي / Script Output - سماوي],[مخرج آلي يحتاج مراجعة بشرية - وردي]
1447 / 04 / 13,14470413,طلب الاعتراض بالنقض ـ 2,مذكرة قضائية,ب. المذكرات المقدمة من الطرفين (49 ملفاً),[مخرج آلي / Script Output - سماوي],[مخرج آلي يحتاج مراجعة بشرية - وردي]
1447 / 04 / 28,14470428,مذكرة جوابية من المدعي ـ 28-08-1447,مذكرة قضائية,ب. المذكرات المقدمة من الطرفين (49 ملفاً),[مخرج آلي / Script Output - سماوي],[مخرج آلي يحتاج مراجعة بشرية - وردي]
1447 / 04 / 29,14470429,طلب الاعتراض بالنقض ـ 2,مذكرة قضائية,ب. المذكرات المقدمة من الطرفين (49 ملفاً),[مخرج آلي / Script Output - سماوي],[مخرج آلي يحتاج مراجعة بشرية - وردي]
1447/04/29,14470429,طلب التماس 20-10-2025 ـ ناجز (صورة),مذكرة قضائية,ب. المذكرات المقدمة من الطرفين (49 ملفاً),[مخرج آلي / Script Output - سماوي],[مخرج آلي يحتاج مراجعة بشرية - وردي]
1447/04/29,14470429,طلب التماس 20-10-2025 ـ ناجز,مذكرة قضائية,ب. المذكرات المقدمة من الطرفين (49 ملفاً),[مخرج آلي / Script Output - سماوي],[مخرج آلي يحتاج مراجعة بشرية - وردي]
1447/07/15,14470715,طلب الاعتراض على حكم الدرجة الأولى ـ 15-07-1447 ـ ناجز,حكم / صك,ب. المذكرات المقدمة من الطرفين (49 ملفاً),[مخرج آلي / Script Output - سماوي],[مخرج آلي يحتاج مراجعة بشرية - وردي]
1447/09/02,14470902,تقديم مذكرة جوابية على المدعي عدنان ضد الشيخ اسامة زيني - 02-09-1447 - 42824717.pdf,مذكرة قضائية,ب. المذكرات المقدمة من الطرفين (49 ملفاً),[مخرج آلي / Script Output - سماوي],[مخرج آلي يحتاج مراجعة بشرية - وردي]
1447 / 09 / 09,14470909,طلب الاعتراض بالنقض ـ 2,مذكرة قضائية,ب. المذكرات المقدمة من الطرفين (49 ملفاً),[مخرج آلي / Script Output - سماوي],[مخرج آلي يحتاج مراجعة بشرية - وردي]
1447 / 10 / 07,14471007,طلب الاعتراض بالنقض ـ 2,مذكرة قضائية,ب. المذكرات المقدمة من الطرفين (49 ملفاً),[مخرج آلي / Script Output - سماوي],[مخرج آلي يحتاج مراجعة بشرية - وردي]
1454/05/9,14540509,المسحوبات 1434 (zip),حكم / صك,ح-1. المسحوبات (8 ملفات),[مخرج آلي / Script Output - سماوي],[مخرج آلي يحتاج مراجعة بشرية - وردي]
